year,gender,age,emp,pop,epop
1965,All,16-24,12738,25372,0.5020495033895633
1966,All,16-24,13685,26230,0.5217308425467022
1967,All,16-24,14181,26901,0.5271551243448199
1968,All,16-24,14543,27589,0.5271303780492225
1969,All,16-24,15436,28583,0.5400412832802715
1970,All,16-24,15875,29842,0.5319683667314523
1971,All,16-24,16409,31367,0.5231294035132464
1972,All,16-24,17745,32653,0.5434416439530824
1973,All,16-24,19110,33532,0.5699033758797567
1974,All,16-24,19549,34174,0.5720430736817463
1975,All,16-24,18989,35013,0.5423414160454688
1976,All,16-24,19906,35723,0.5572320353833664
1977,All,16-24,20884,36270,0.5757926661152467
1978,All,16-24,21957,36702,0.59825077652444
1979,All,16-24,22410,37010,0.6055120237773575
1980,All,16-24,21797,37178,0.5862875894346119
1981,All,16-24,21347,37034,0.576416266133823
1982,All,16-24,20239,36608,0.552857298951049
1983,All,16-24,20064,36073,0.556205472236853
1984,All,16-24,20651,35423,0.5829828077802558
1985,All,16-24,20414,34603,0.5899488483657487
1986,All,16-24,20262,34065,0.59480405107882
1987,All,16-24,20164,33576,0.6005480104836788
1988,All,16-24,20049,32961,0.6082643123691636
1989,All,16-24,19721,32248,0.6115418010419251
1990,All,16-24,19982,33422,0.5978696666866136
1991,All,16-24,18881,33036,0.5715280300278484
1992,All,16-24,18541,32686,0.5672459156825552
1993,All,16-24,18645,32577,0.5723363108941891
1994,All,16-24,18919,32549,0.58124673569080465
1995,All,16-24,18862,32375,0.5826100386100386
1996,All,16-24,18638,32343,0.5762607055622546
1997,All,16-24,19041,32807,0.5803944280184107
1998,All,16-24,19608,33237,0.5899449408791407
1999,All,16-24,20063,34008,0.58994942366502
2000,All,16-24,20418,34223,0.596616310668264
2001,All,16-24,20088,34806,0.5771418720910187
2002,All,16-24,19683,35342,0.5569294324033728
2003,All,16-24,19352,35897,0.5390979747611221
2004,All,16-24,19630,36419,0.5390043658529888
2005,All,16-24,19770,36674,0.539074003381142
2006,All,16-24,20040,36943,0.5424572990823702
2007,All,16-24,19875,37409,0.5312892619423133
2008,All,16-24,19202,37484,0.5122719026784761
2009,All,16-24,17601,37567,0.46852290574174144
2010,All,16-24,17077,37948,0.45001054073995994
2011,All,16-24,17363,38197,0.45456449459381626
2012,All,16-24,17834,38783,0.45984065183198825
2013,All,16-24,18057,38839,0.4649192821648343
2014,All,16-24,18442,38712,0.47638974994833644
2015,All,16-24,18756,38590,0.4860326509458409
2016,All,16-24,18992,38435,0.4941329517366983
2017,All,16-24,19206,38150,0.5034338138925295
2018,All,16-24,19177,38004,0.5046047784443742
1965,All,25-54,45318,66977,0.6766203323528973
1966,All,25-54,45944,67099,0.6847195934365639
1967,All,25-54,46645,67626,0.6897495046283973
1968,All,25-54,47568,68482,0.6946058818375631
1969,All,25-54,48393,69160,0.6997252747252747
1970,All,25-54,48713,69983,0.6960690453395825
1971,All,25-54,48907,70855,0.6902406322771858
1972,All,25-54,50361,72436,0.6952482191175658
1973,All,25-54,52103,73890,0.7051427798078225
1974,All,25-54,53446,75478,0.7081003736188028
1975,All,25-54,53230,76771,0.6933607742506936
1976,All,25-54,55185,78158,0.7060697561350086
1977,All,25-54,57219,79610,0.7187413641502324
1978,All,25-54,59747,81167,0.736099646408023
1979,All,25-54,61830,82874,0.7460723507975964
1980,All,25-54,62961,84699,0.7433499805192505
1981,All,25-54,64580,86490,0.7466759162909007
1982,All,25-54,64951,88367,0.7350142021342809
1983,All,25-54,66528,90246,0.7371850275912506
1984,All,25-54,70124,92476,0.7582940438600285
1985,All,25-54,72449,94467,0.7669238993510962
1986,All,25-54,75011,97013,0.7732056528506489
1987,All,25-54,77771,99235,0.7837053458961052
1988,All,25-54,80290,101399,0.7918224045602028
1989,All,25-54,82767,103566,0.7991715427843115
1990,All,25-54,84277,105776,0.7967497352896687
1991,All,25-54,84536,107513,0.7862863095625645
1992,All,25-54,85612,109336,0.7830174873783566
1993,All,25-54,87226,111053,0.7854447876239273
1994,All,25-54,89233,112618,0.7923511339217532
1995,All,25-54,90936,114026,0.7975023240313612
1996,All,25-54,92642,115505,0.802060516860742
1997,All,25-54,94461,116833,0.8085130057432404
1998,All,25-54,95259,117450,0.8110600255427841
1999,All,25-54,96228,118198,0.8141254505152371
2000,All,25-54,98292,120657,0.814639846838559
2001,All,25-54,97948,121604,0.8054669254300846
2002,All,25-54,96822,122077,0.7931223735838856
2003,All,25-54,97178,123289,0.7882130603703493
2004,All,25-54,97472,123410,0.7898225427436999
2005,All,25-54,98517,124176,0.7933658678005412
2006,All,25-54,99672,124884,0.7981166522532911
2007,All,25-54,100451,125696,0.7991582866598778
2008,All,25-54,99369,125652,0.7908270461273995
2009,All,25-54,95144,125564,0.7577331082157306
2010,All,25-54,94083,125290,0.7509218612818261
2011,All,25-54,93674,124705,0.751164748807185
2012,All,25-54,94151,124314,0.757364415914539
2013,All,25-54,94415,124407,0.7589203179885377
2014,All,25-54,95497,124511,0.7669764117226591
2015,All,25-54,96637,125109,0.7724224476256704
2016,All,25-54,98004,125761,0.7792876965036856
2017,All,25-54,98834,125697,0.7862876600077965
2018,All,25-54,100313,126390,0.7936782973336498
1965,All,55-64,10028,16727,0.5995097746158905
1966,All,55-64,10310,17007,0.606220967836773
1967,All,55-64,10536,17310,0.6086655112651647
1968,All,55-64,10745,17614,0.6100261155898717
1969,All,55-64,10919,17930,0.6089793641940882
1970,All,55-64,10974,18250,0.6013150684931506
1971,All,55-64,11009,18581,0.5924869490339594
1972,All,55-64,11044,19007,0.581049087178408
1973,All,55-64,10966,19281,0.568746434313573
1974,All,55-64,10964,19517,0.5617666649587539
1975,All,55-64,10827,19844,0.5456057246522878
1976,All,55-64,10912,20185,0.5405994550408719
1977,All,55-64,11126,20557,0.5412268327090529
1978,All,55-64,11400,20875,0.5461077844311377
1979,All,55-64,11585,21210,0.5462046204620462
1980,All,55-64,11586,21520,0.5383828996282528
1981,All,55-64,11525,21756,0.5297389225960655
1982,All,55-64,11414,21909,0.520973116071021
1983,All,55-64,11315,22003,0.514248057083125
1984,All,55-64,11395,22052,0.5167331761291493
1985,All,55-64,11474,22140,0.5182475158084914
1986,All,55-64,11405,22011,0.5181500159011403
1987,All,55-64,11465,21835,0.5250744217998626
1988,All,55-64,11433,21641,0.5283027586525576
1989,All,55-64,11499,21406,0.5371858357469869
1990,All,55-64,11189,20719,0.5400357160094599
1991,All,55-64,11001,20675,0.5320918984280532
1992,All,55-64,10998,20604,0.5337798485730926
1993,All,55-64,11058,20574,0.5374744823563721
1994,All,55-64,11228,20635,0.5441240610613036
1995,All,55-64,11435,20735,0.5514829997588618
1996,All,55-64,11739,20990,0.5592663172939495
1997,All,55-64,12296,21505,0.5717740060451058
1998,All,55-64,12872,22296,0.5773232866881952
1999,All,55-64,13315,23064,0.5773066250433576
2000,All,55-64,14002,24230,0.5778786628146926
2001,All,55-64,14645,25011,0.5855423613610011
2002,All,55-64,15674,26343,0.5949967733363702
2003,All,55-64,16598,27728,0.598600692440854
2004,All,55-64,17331,28919,0.5992945814170615
2005,All,55-64,18349,30165,0.6082877507044588
2006,All,55-64,19389,31375,0.6179760956175299
2007,All,55-64,20108,32533,0.6180801032797467
2008,All,55-64,20812,33491,0.6214206801827357
2009,All,55-64,21019,34671,0.6062415275013701
2010,All,55-64,21636,35885,0.6029260136547304
2011,All,55-64,22186,36987,0.599832373536648
2012,All,55-64,23239,38318,0.6064773735581189
2013,All,55-64,23776,39022,0.609297319460817
2014,All,55-64,24395,39764,0.6134946182476612
2015,All,55-64,24975,40594,0.6152387052273735
2016,All,55-64,25524,41308,0.6178948387721507
2017,All,55-64,26064,41691,0.6251709001942866
2018,All,55-64,26565,42114,0.6307878615187349
1965,All,65+,3005,17432,0.1723841211564938
1966,All,65+,2961,17715,0.16714648602878915
1967,All,65+,3011,18029,0.16700870819235675
1968,All,65+,3065,18338,0.16713927363943723
1969,All,65+,3155,18657,0.16910542959747013
1970,All,65+,3118,19007,0.1640448255905719
1971,All,65+,3040,19406,0.15665258167577037
1972,All,65+,3003,20023,0.14997752584527793
1973,All,65+,2886,20389,0.14154691255088528
1974,All,65+,2835,20945,0.13535449988063977
1975,All,65+,2801,21525,0.13012775842044136
1976,All,65+,2747,22083,0.12439433048046009
1977,All,65+,2787,22597,0.12333495596760632
1978,All,65+,2946,23166,0.12716912716912718
1979,All,65+,2999,23767,0.12618336348718812
1980,All,65+,2960,24350,0.1215605749486653
1981,All,65+,2945,24850,0.11851106639839035
1982,All,65+,2923,25387,0.11513766888565014
1983,All,65+,2927,25892,0.1130465008496833
1984,All,65+,2835,26433,0.10725229826353422
1985,All,65+,2813,26997,0.10419676260325221
1986,All,65+,2919,27497,0.10615703531294322
1987,All,65+,3041,28108,0.1081898391916892
1988,All,65+,3197,28612,0.11173633440514469
1989,All,65+,3355,29173,0.11500359921845542
1990,All,65+,3346,29247,0.11440489622867303
1991,All,65+,3300,29700,0.1111111111111111
1992,All,65+,3341,30179,0.11070612014977302
1993,All,65+,3331,30634,0.10873539204805119
1994,All,65+,3681,31012,0.11869598864955501
1995,All,65+,3666,31448,0.11657339099465784
1996,All,65+,3690,31751,0.11621681206891121
1997,All,65+,3761,31989,0.11757166525993311
1998,All,65+,3725,32237,0.11555045444675373
1999,All,65+,3882,32484,0.11950498707055782
2000,All,65+,4179,33466,0.12487300543835535
2001,All,65+,4253,33672,0.12630672368733667
2002,All,65+,4306,33808,0.12736630383341221
2003,All,65+,4608,34253,0.13452836247919892
2004,All,65+,4819,34609,0.13924123782831055
2005,All,65+,5094,35068,0.14526063647770046
2006,All,65+,5325,35613,0.14952405020638532
2007,All,65+,5614,36228,0.15496301203489013
2008,All,65+,5979,37161,0.16089448615483976
2009,All,65+,6114,37998,0.16090320543186484
2010,All,65+,6268,38706,0.16193871751149694
2011,All,65+,6647,39729,0.16730851519041506
2012,All,65+,7245,41869,0.17303971912393418
2013,All,65+,7681,43412,0.1769326453515157
2014,All,65+,7971,44959,0.17729486865811073
2015,All,65+,8465,46509,0.18200778343976434
2016,All,65+,8916,48035,0.18561465598001456
2017,All,65+,9234,49542,0.1863873077388882
2018,All,65+,9705,51283,0.18924399898601876
1965,All,All ages,71089,126508,0.5619328421917982
1966,All,All ages,72900,128051,0.5693044177710443
1967,All,All ages,74373,129866,0.5726903115519073
1968,All,All ages,75921,132023,0.5750588912537967
1969,All,All ages,77903,134330,0.5799374674309536
1970,All,All ages,78680,137082,0.5739630294276419
1971,All,All ages,79365,140209,0.5660478285987347
1972,All,All ages,82153,144119,0.5700358731326196
1973,All,All ages,85065,147092,0.5783115329181736
1974,All,All ages,86794,150114,0.5781872443609524
1975,All,All ages,85847,153153,0.5605309722956782
1976,All,All ages,88750,156149,0.56836739268263
1977,All,All ages,92016,159034,0.5785932567878567
1978,All,All ages,96050,161910,0.5932308072385893
1979,All,All ages,98824,164861,0.5994383147014758
1980,All,All ages,99304,167747,0.591986741938753
1981,All,All ages,100397,170130,0.5901193205196027
1982,All,All ages,99527,172271,0.5777350801934162
1983,All,All ages,100834,174214,0.578793897160963
1984,All,All ages,105005,176384,0.5953204372278664
1985,All,All ages,107150,178207,0.6012670658279416
1986,All,All ages,109597,180586,0.6068964371545967
1987,All,All ages,112441,182754,0.6152587631460871
1988,All,All ages,114969,184613,0.6227567939419217
1989,All,All ages,117342,186393,0.6295408089359579
1990,All,All ages,118794,189164,0.6279947558732105
1991,All,All ages,117718,190924,0.6165699440615113
1992,All,All ages,118492,192805,0.6145691242447032
1993,All,All ages,120260,194838,0.6172307250125746
1994,All,All ages,123061,196814,0.6252654790817727
1995,All,All ages,124899,198584,0.6289479514965959
1996,All,All ages,126709,200589,0.6316846885920963
1997,All,All ages,129559,203134,0.6378006636013666
1998,All,All ages,131464,205220,0.6406003313517201
1999,All,All ages,133488,207754,0.6425291450465455
2000,All,All ages,136891,212576,0.6439626298359175
2001,All,All ages,136934,215093,0.6366269474134444
2002,All,All ages,136485,217570,0.6273153467849428
2003,All,All ages,137736,221167,0.622769219639458
2004,All,All ages,139252,223357,0.6234503507837229
2005,All,All ages,141730,226083,0.6268936629467938
2006,All,All ages,144426,228815,0.6311911369446933
2007,All,All ages,146048,231866,0.6298810519869235
2008,All,All ages,145362,233788,0.6217684397830513
2009,All,All ages,139878,235800,0.593206106870229
2010,All,All ages,139064,237829,0.5847226368525285
2011,All,All ages,139870,239618,0.5837207555358946
2012,All,All ages,142469,243284,0.5856077670541425
2013,All,All ages,143929,245680,0.5858393031585802
2014,All,All ages,146305,247946,0.5900679986771313
2015,All,All ages,148833,250802,0.5934282820711159
2016,All,All ages,151436,253539,0.5972887800298968
2017,All,All ages,153338,255080,0.6011368982280069
2018,All,All ages,155760,257791,0.6042103874844351
1965,Female,16-24,5237,13353,0.3921965101475324
1966,Female,16-24,5833,13909,0.4193687540441441
1967,Female,16-24,6186,14388,0.4299416180150125
1968,Female,16-24,6476,14779,0.43818932268759725
1969,Female,16-24,6994,15276,0.45784236711180937
1970,Female,16-24,7229,15835,0.45652036627723397
1971,Female,16-24,7339,16425,0.44681887366818873
1972,Female,16-24,7841,16887,0.46432166755492393
1973,Female,16-24,8415,17248,0.48788265306122447
1974,Female,16-24,8708,17561,0.495871533511759
1975,Female,16-24,8664,17930,0.48321249302844393
1976,Female,16-24,9044,18242,0.4957789716039908
1977,Female,16-24,9479,18503,0.5122953034643031
1978,Female,16-24,10062,18701,0.5380460937917758
1979,Female,16-24,10321,18827,0.5482020502469858
1980,Female,16-24,10180,18895,0.538766869542207
1981,Female,16-24,10029,18826,0.5327207054074152
1982,Female,16-24,9662,18593,0.5196579357822837
1983,Female,16-24,9533,18276,0.5216130444298533
1984,Female,16-24,9758,17929,0.5442579061855095
1985,Female,16-24,9745,17582,0.5542600386759186
1986,Female,16-24,9689,17293,0.5602845081825016
1987,Female,16-24,9726,17047,0.5705402710154279
1988,Female,16-24,9639,16727,0.5762539606624021
1989,Female,16-24,9445,16362,0.5772521696614106
1990,Female,16-24,9404,16755,0.5612652939421068
1991,Female,16-24,8928,16536,0.5399129172714079
1992,Female,16-24,8777,16338,0.5372138572652712
1993,Female,16-24,8846,16285,0.5431992631255756
1994,Female,16-24,8992,16272,0.5526057030481809
1995,Female,16-24,8906,16173,0.550670871205095
1996,Female,16-24,8899,16133,0.5516023058327651
1997,Female,16-24,9091,16264,0.5589645843580915
1998,Female,16-24,9412,16466,0.571602089153407
1999,Female,16-24,9650,16942,0.5695903671349309
2000,Female,16-24,9774,17034,0.5737935892920042
2001,Female,16-24,9716,17337,0.5604199111726366
2002,Female,16-24,9536,17569,0.5427742045648586
2003,Female,16-24,9369,17858,0.5246388173367679
2004,Female,16-24,9432,18061,0.5222302198106417
2005,Female,16-24,9568,18176,0.5264084507042254
2006,Female,16-24,9558,18292,0.5225235075442817
2007,Female,16-24,9584,18501,0.5180260526458029
2008,Female,16-24,9321,18575,0.5018034993270525
2009,Female,16-24,8763,18641,0.470092806179926
2010,Female,16-24,8482,18820,0.45069075451647184
2011,Female,16-24,8428,18772,0.4489665459194545
2012,Female,16-24,8734,19237,0.4540208972292977
2013,Female,16-24,8867,19263,0.46031251622281055
2014,Female,16-24,9033,19196,0.47056678474682223
2015,Female,16-24,9229,19148,0.48198245247545435
2016,Female,16-24,9296,19062,0.48767180778512226
2017,Female,16-24,9442,18930,0.4987849973586899
2018,Female,16-24,9500,18872,0.503391267486223
1965,Female,25-54,15078,34856,0.4325797567133349
1966,Female,25-54,15567,34983,0.44498756538890316
1967,Female,25-54,15993,35265,0.45350914504466183
1968,Female,25-54,16507,35679,0.4626531012640489
1969,Female,25-54,17069,36026,0.47379670238161326
1970,Female,25-54,17391,36371,0.4781556734761211
1971,Female,25-54,17523,36778,0.4764533144814835
1972,Female,25-54,18249,37597,0.4853844721653323
1973,Female,25-54,19164,38301,0.5003524712148508
1974,Female,25-54,20011,39067,0.5122225919574065
1975,Female,25-54,20231,39700,0.5095969773299748
1976,Female,25-54,21367,40377,0.5291874086732545
1977,Female,25-54,22505,41097,0.5476068812808721
1978,Female,25-54,23971,41860,0.5726469182990922
1979,Female,25-54,25203,42693,0.5903309676059307
1980,Female,25-54,26224,43603,0.6014265073504117
1981,Female,25-54,27223,44508,0.6116428507234655
1982,Female,25-54,27813,45444,0.6120279904937945
1983,Female,25-54,28728,46347,0.6198459447213411
1984,Female,25-54,30323,47436,0.6392402394805633
1985,Female,25-54,31674,48493,0.6531664363928814
1986,Female,25-54,33099,49671,0.6663646795917135
1987,Female,25-54,34635,50763,0.682288280834466
1988,Female,25-54,35929,51828,0.6932353168171644
1989,Female,25-54,37244,52915,0.7038457904185959
1990,Female,25-54,38036,53892,0.705781934238848
1991,Female,25-54,38372,54769,0.700615311581369
1992,Female,25-54,39051,55688,0.7012462289900876
1993,Female,25-54,39758,56503,0.7036440542980019
1994,Female,25-54,40941,57269,0.7148893816899196
1995,Female,25-54,41896,58035,0.7219091927285259
1996,Female,25-54,42815,58835,0.7277130959462905
1997,Female,25-54,43689,59410,0.7353812489479885
1998,Female,25-54,43985,59725,0.7364587693595647
1999,Female,25-54,44732,60328,0.741479909826283
2000,Female,25-54,45643,61501,0.7421505341376563
2001,Female,25-54,45460,61918,0.7341968409832359
2002,Female,25-54,44899,62138,0.7225691203450385
2003,Female,25-54,45146,62695,0.7200893213174895
2004,Female,25-54,45003,62636,0.7184845775592311
2005,Female,25-54,45316,62967,0.7196785617863325
2006,Female,25-54,45853,63243,0.7250288569485951
2007,Female,25-54,46122,63615,0.7250176845083707
2008,Female,25-54,45966,63574,0.7230314279422405
2009,Female,25-54,44560,63467,0.702097152851088
2010,Female,25-54,43897,63305,0.6934207408577522
2011,Female,25-54,43516,63097,0.68966828850817
2012,Female,25-54,43840,63354,0.6919847207753259
2013,Female,25-54,43886,63367,0.6925686871715562
2014,Female,25-54,44352,63362,0.6999779047378555
2015,Female,25-54,44786,63684,0.7032535644745933
2016,Female,25-54,45490,63949,0.7113481055215876
2017,Female,25-54,46016,63845,0.7207455556425718
2018,Female,25-54,46641,64096,0.7276741138292561
1965,Female,55-64,3486,8737,0.3989927892869406
1966,Female,55-64,3642,8908,0.4088459811405478
1967,Female,55-64,3762,9092,0.413770347558293
1968,Female,55-64,3852,9278,0.41517568441474456
1969,Female,55-64,3988,9466,0.4212972744559476
1970,Female,55-64,4046,9659,0.4188839424371053
1971,Female,55-64,4093,9870,0.4146909827760892
1972,Female,55-64,4115,10113,0.40690200731731435
1973,Female,55-64,4109,10290,0.39931972789115644
1974,Female,55-64,4084,10377,0.3935626867109955
1975,Female,55-64,4105,10558,0.38880469785944305
1976,Female,55-64,4188,10742,0.3898715323031093
1977,Female,55-64,4279,10940,0.3911334552102377
1978,Female,55-64,4446,11118,0.39989206691851054
1979,Female,55-64,4569,11303,0.4042289657613023
1980,Female,55-64,4587,11478,0.3996340825927862
1981,Female,55-64,4616,11605,0.3977595863851788
1982,Female,55-64,4634,11694,0.39627159226953995
1983,Female,55-64,4629,11742,0.39422585590189063
1984,Female,55-64,4700,11768,0.39938817131203264
1985,Female,55-64,4721,11748,0.4018556350017024
1986,Female,55-64,4751,11675,0.40693790149892933
1987,Female,55-64,4783,11567,0.4135039336042189
1988,Female,55-64,4841,11448,0.42286862334032144
1989,Female,55-64,4950,11314,0.4375110482587944
1990,Female,55-64,4811,10941,0.4397221460561192
1991,Female,55-64,4756,10895,0.4365305185865076
1992,Female,55-64,4825,10828,0.44560398965644626
1993,Female,55-64,4892,10801,0.45292102583094157
1994,Female,55-64,5085,10825,0.4697459584295612
1995,Female,55-64,5163,10879,0.4745840610350216
1996,Female,55-64,5269,10993,0.4793050122805422
1997,Female,55-64,5561,11224,0.49545616535994297
1998,Female,55-64,5820,11646,0.49974240082431737
1999,Female,55-64,6041,12056,0.501078301260783
2000,Female,55-64,6396,12647,0.50573258480272
2001,Female,55-64,6745,13039,0.5172942710330547
2002,Female,55-64,7296,13703,0.5324381522294388
2003,Female,55-64,7866,14423,0.545378908687513
2004,Female,55-64,8157,15025,0.5428951747088187
2005,Female,55-64,8635,15663,0.5512992402477176
2006,Female,55-64,9198,16280,0.5649877149877149
2007,Female,55-64,9553,16876,0.5660701588054041
2008,Female,55-64,9893,17367,0.5696435768987159
2009,Female,55-64,10128,17973,0.5635119345685194
2010,Female,55-64,10496,18594,0.5644831666128859
2011,Female,55-64,10717,19177,0.5588465349116128
2012,Female,55-64,11171,19902,0.5613003718219275
2013,Female,55-64,11400,20271,0.5623797543288441
2014,Female,55-64,11634,20648,0.5634444013948082
2015,Female,55-64,11884,21076,0.563864110836971
2016,Female,55-64,12114,21441,0.5649923044634112
2017,Female,55-64,12354,21637,0.5709664001478948
2018,Female,55-64,12564,21851,0.5749851265388312
1965,Female,65+,948,9783,0.09690279055504447
1966,Female,65+,937,9992,0.09377502001601282
1967,Female,65+,953,10220,0.09324853228962818
1968,Female,65+,972,10441,0.09309453117517479
1969,Female,65+,1033,10667,0.09684072372738352
1970,Female,65+,1023,10914,0.0937328202308961
1971,Female,65+,1021,11198,0.0911769958921236
1972,Female,65+,1051,11693,0.08988283588471735
1973,Female,65+,1029,11963,0.08601521357519017
1974,Female,65+,966,12304,0.0785110533159948
1975,Female,65+,989,12673,0.0780399274047187
1976,Female,65+,1017,13030,0.0780506523407521
1977,Female,65+,1027,13300,0.07721804511278195
1978,Female,65+,1091,13658,0.07987992385415141
1979,Female,65+,1124,14021,0.08016546608658441
1980,Female,65+,1125,14372,0.07827720567770666
1981,Female,65+,1133,14680,0.07717983651226158
1982,Female,65+,1147,15017,0.07638010255044284
1983,Female,65+,1157,15319,0.07552712318036425
1984,Female,65+,1133,15645,0.07241930329178652
1985,Female,65+,1118,15913,0.07025702256017093
1986,Female,65+,1165,16150,0.07213622291021672
1987,Female,65+,1191,16476,0.0722869628550619
1988,Female,65+,1286,16753,0.07676237091864144
1989,Female,65+,1388,17039,0.08146017958800399
1990,Female,65+,1437,17198,0.08355622746831026
1991,Female,65+,1440,17446,0.08254041040926287
1992,Female,65+,1398,17682,0.07906345436036648
1993,Female,65+,1414,17917,0.07891946196349835
1994,Female,65+,1592,18094,0.0879849673925058
1995,Female,65+,1558,18318,0.08505295337918987
1996,Female,65+,1518,18424,0.08239253148067738
1997,Female,65+,1532,18520,0.08272138228941685
1998,Female,65+,1554,18625,0.08343624161073826
1999,Female,65+,1619,18705,0.08655439721999465
2000,Female,65+,1773,19430,0.0912506433350489
2001,Female,65+,1815,19517,0.09299584977199364
2002,Female,65+,1851,19575,0.09455938697318007
2003,Female,65+,2023,19758,0.10238890575969227
2004,Female,65+,2135,19925,0.10715181932245922
2005,Female,65+,2238,20125,0.11120496894409938
2006,Female,65+,2316,20394,0.1135628125919388
2007,Female,65+,2534,20703,0.12239772013717819
2008,Female,65+,2697,21160,0.12745746691871457
2009,Female,65+,2757,21584,0.12773350630096367
2010,Female,65+,2830,21937,0.12900578930573917
2011,Female,65+,2917,22255,0.1310716692878005
2012,Female,65+,3168,23447,0.1351132341024438
2013,Female,65+,3424,24222,0.14135909503756916
2014,Female,65+,3594,24992,0.14380601792573625
2015,Female,65+,3804,25792,0.14748759305210918
2016,Female,65+,3968,26587,0.14924587204272766
2017,Female,65+,4124,27390,0.15056589996349032
2018,Female,65+,4358,28295,0.15402014490192614
1965,Female,All ages,24749,66729,0.3708882195147537
1966,Female,All ages,25979,67792,0.3832163087089922
1967,Female,All ages,26894,68965,0.3899659247444356
1968,Female,All ages,27807,70177,0.3962409336392265
1969,Female,All ages,29084,71435,0.4071393574578288
1970,Female,All ages,29689,72779,0.40793360722186345
1971,Female,All ages,29976,74271,0.403603021367694
1972,Female,All ages,31256,76290,0.40969982959758816
1973,Female,All ages,32717,77802,0.42051618210328784
1974,Female,All ages,33769,79309,0.4257902634001185
1975,Female,All ages,33989,80861,0.4203386057555558
1976,Female,All ages,35616,82391,0.432280224781833
1977,Female,All ages,37290,83840,0.4447757633587786
1978,Female,All ages,39570,85337,0.46369101327677326
1979,Female,All ages,41217,86844,0.47460964488047536
1980,Female,All ages,42116,88348,0.47670575451623126
1981,Female,All ages,43001,89619,0.4798201274283355
1982,Female,All ages,43256,90748,0.4766606426587914
1983,Female,All ages,44047,91684,0.48042188386196066
1984,Female,All ages,45914,92778,0.49488025178382805
1985,Female,All ages,47258,93736,0.5041606213194504
1986,Female,All ages,48704,94789,0.5138148941332855
1987,Female,All ages,50335,95853,0.5251270174120789
1988,Female,All ages,51695,96756,0.5342821117036669
1989,Female,All ages,53027,97630,0.5431424766977363
1990,Female,All ages,53688,98786,0.5434778207438301
1991,Female,All ages,53496,99646,0.5368604861208679
1992,Female,All ages,54051,100536,0.5376283122463595
1993,Female,All ages,54910,101506,0.5409532441432033
1994,Female,All ages,56610,102460,0.5525082959203592
1995,Female,All ages,57523,103405,0.556288380639234
1996,Female,All ages,58501,104385,0.5604349283900943
1997,Female,All ages,59873,105418,0.5679580337323796
1998,Female,All ages,60771,106462,0.570823392384137
1999,Female,All ages,62042,108031,0.5742981181327582
2000,Female,All ages,63586,110612,0.57485625429429
2001,Female,All ages,63736,111811,0.5700333598662027
2002,Female,All ages,63582,112985,0.562747267336372
2003,Female,All ages,64404,114734,0.5613331706381718
2004,Female,All ages,64727,115647,0.5596945878405838
2005,Female,All ages,65757,116931,0.5623572876311671
2006,Female,All ages,66925,118209,0.5661582451420789
2007,Female,All ages,67793,119695,0.5663812189314508
2008,Female,All ages,67877,120676,0.5624730683814512
2009,Female,All ages,66208,121665,0.5441827970246168
2010,Female,All ages,65705,122656,0.5356851682755022
2011,Female,All ages,65578,123301,0.5318529452315878
2012,Female,All ages,66913,125940,0.5313085596315706
2013,Female,All ages,67577,127123,0.5315875176010635
2014,Female,All ages,68613,128198,0.5352111577403703
2015,Female,All ages,69703,129700,0.5374171164225134
2016,Female,All ages,70868,131039,0.540816092918902
2017,Female,All ages,71936,131802,0.5457883795390055
2018,Female,All ages,73063,133114,0.5488754000330544
1965,Male,16-24,7501,12019,0.6240951826275064
1966,Male,16-24,7852,12321,0.6372859345832319
1967,Male,16-24,7995,12514,0.6388844494166533
1968,Male,16-24,8067,12810,0.6297423887587822
1969,Male,16-24,8442,13307,0.6344029458179905
1970,Male,16-24,8646,14006,0.617306868484935
1971,Male,16-24,9071,14941,0.6071213439528813
1972,Male,16-24,9903,15766,0.6281238107319549
1973,Male,16-24,10694,16284,0.6567182510439695
1974,Male,16-24,10842,16612,0.6526607271851673
1975,Male,16-24,10323,17084,0.6042495902598923
1976,Male,16-24,10862,17481,0.6213603340769979
1977,Male,16-24,11406,17765,0.6420489726991275
1978,Male,16-24,11895,18002,0.6607599155649372
1979,Male,16-24,12091,18183,0.6649617774844635
1980,Male,16-24,11617,18283,0.6353990045397364
1981,Male,16-24,11319,18208,0.6216498242530756
1982,Male,16-24,10576,18015,0.5870663336108798
1983,Male,16-24,10532,17799,0.5917186358784201
1984,Male,16-24,10893,17494,0.6226706299302618
1985,Male,16-24,10667,17021,0.6266964338170495
1986,Male,16-24,10573,16773,0.6303583139569546
1987,Male,16-24,10439,16530,0.6315184513006654
1988,Male,16-24,10410,16235,0.6412072682476132
1989,Male,16-24,10276,15886,0.6468588694447942
1990,Male,16-24,10578,16667,0.634667306653867
1991,Male,16-24,9953,16501,0.6031755651172657
1992,Male,16-24,9763,16349,0.597161905926968
1993,Male,16-24,9799,16292,0.6014608396759146
1994,Male,16-24,9927,16277,0.6098789703262272
1995,Male,16-24,9957,16202,0.6145537587952105
1996,Male,16-24,9739,16211,0.6007649127135896
1997,Male,16-24,9949,16542,0.601438761939306
1998,Male,16-24,10196,16772,0.6079179585022657
1999,Male,16-24,10414,17066,0.610219149185515
2000,Male,16-24,10645,17190,0.6192553810354857
2001,Male,16-24,10372,17469,0.5937374778178488
2002,Male,16-24,10147,17773,0.5709221853373094
2003,Male,16-24,9982,18041,0.5532952718807161
2004,Male,16-24,10198,18359,0.5554768778255896
2005,Male,16-24,10202,18498,0.5515190831441237
2006,Male,16-24,10483,18650,0.5620911528150134
2007,Male,16-24,10291,18909,0.5442381934528532
2008,Male,16-24,9881,18909,0.5225553969009467
2009,Male,16-24,8838,18927,0.46695197337137423
2010,Male,16-24,8595,19128,0.44934127979924715
2011,Male,16-24,8934,19426,0.4598991042932153
2012,Male,16-24,9100,19546,0.46556840274224903
2013,Male,16-24,9190,19577,0.4694284108903305
2014,Male,16-24,9409,19516,0.4821172371387579
2015,Male,16-24,9527,19442,0.49002160271577
2016,Male,16-24,9696,19372,0.5005162089613876
2017,Male,16-24,9764,19219,0.5080389198189292
2018,Male,16-24,9677,19132,0.5058017980347063
1965,Male,25-54,30240,32121,0.9414401793219389
1966,Male,25-54,30377,32116,0.945852534562212
1967,Male,25-54,30652,32361,0.9471895182472729
1968,Male,25-54,31061,32803,0.94689510105783
1969,Male,25-54,31324,33134,0.9453733325285205
1970,Male,25-54,31322,33612,0.9318695703915268
1971,Male,25-54,31385,34077,0.9210024356604161
1972,Male,25-54,32111,34840,0.9216704936854191
1973,Male,25-54,32940,35589,0.925566888645368
1974,Male,25-54,33435,36411,0.918266457938535
1975,Male,25-54,32998,37071,0.8901297510183162
1976,Male,25-54,33819,37781,0.8951324739948652
1977,Male,25-54,34714,38512,0.9013813876194433
1978,Male,25-54,35775,39308,0.9101200773379464
1979,Male,25-54,36625,40183,0.9114550929497549
1980,Male,25-54,36735,41094,0.8939261206015476
1981,Male,25-54,37357,41982,0.8898337382687819
1982,Male,25-54,37138,42923,0.8652237728024602
1983,Male,25-54,37799,43899,0.8610446707214288
1984,Male,25-54,39801,45039,0.8837007926463731
1985,Male,25-54,40775,45973,0.8869336349596503
1986,Male,25-54,41912,47342,0.8853026910565671
1987,Male,25-54,43135,48471,0.8899135565595924
1988,Male,25-54,44360,49570,0.8948961065160379
1989,Male,25-54,45523,50651,0.8987581686442518
1990,Male,25-54,46240,51884,0.891218872870249
1991,Male,25-54,46164,52744,0.8752464735325345
1992,Male,25-54,46561,53648,0.8678981509096332
1993,Male,25-54,47469,54550,0.8701924839596701
1994,Male,25-54,48291,55349,0.8724818876583136
1995,Male,25-54,49041,55990,0.8758885515270584
1996,Male,25-54,49826,56671,0.8792151188438532
1997,Male,25-54,50772,57423,0.8841753304425056
1998,Male,25-54,51275,57724,0.8882787055644099
1999,Male,25-54,51496,57869,0.8898719521678273
2000,Male,25-54,52649,59154,0.8900327957534571
2001,Male,25-54,52488,59686,0.8794022048721644
2002,Male,25-54,51924,59939,0.8662807187307096
2003,Male,25-54,52032,60594,0.8586988810773344
2004,Male,25-54,52469,60773,0.8633603738502296
2005,Male,25-54,53202,61208,0.8692001045614952
2006,Male,25-54,53819,61641,0.8731039405590435
2007,Male,25-54,54328,62081,0.8751147694141524
2008,Male,25-54,53404,62078,0.8602725603273301
2009,Male,25-54,50584,62097,0.8145965183503229
2010,Male,25-54,50185,61985,0.8096313624263934
2011,Male,25-54,50157,61608,0.8141312816517335
2012,Male,25-54,50311,60960,0.8253116797900263
2013,Male,25-54,50530,61040,0.8278178243774574
2014,Male,25-54,51146,61149,0.8364159675546615
2015,Male,25-54,51852,61425,0.8441514041514041
2016,Male,25-54,52514,61811,0.8495898788241575
2017,Male,25-54,52817,61851,0.8539393057509175
2018,Male,25-54,53673,62295,0.8615940284131953
1965,Male,55-64,6542,7990,0.8187734668335419
1966,Male,55-64,6668,8099,0.8233115199407334
1967,Male,55-64,6774,8218,0.8242881479678754
1968,Male,55-64,6893,8336,0.8268953934740882
1969,Male,55-64,6931,8464,0.8188799621928167
1970,Male,55-64,6928,8590,0.8065192083818393
1971,Male,55-64,6916,8711,0.7939386981976811
1972,Male,55-64,6929,8895,0.7789769533445756
1973,Male,55-64,6857,8990,0.7627363737486096
1974,Male,55-64,6880,9140,0.7527352297592997
1975,Male,55-64,6722,9286,0.7238854189101874
1976,Male,55-64,6724,9444,0.7119864464210081
1977,Male,55-64,6848,9616,0.7121464226289518
1978,Male,55-64,6954,9758,0.7126460340233655
1979,Male,55-64,7015,9907,0.708085192288281
1980,Male,55-64,6999,10042,0.6969727145986855
1981,Male,55-64,6909,10151,0.680622598758743
1982,Male,55-64,6781,10215,0.6638277043563388
1983,Male,55-64,6686,10261,0.6515934119481532
1984,Male,55-64,6694,10285,0.6508507535245504
1985,Male,55-64,6753,10392,0.6498267898383372
1986,Male,55-64,6654,10336,0.6437693498452013
1987,Male,55-64,6682,10267,0.6508230252264536
1988,Male,55-64,6591,10193,0.6466202295693123
1989,Male,55-64,6548,10092,0.6488307570352755
1990,Male,55-64,6378,9778,0.6522806299856821
1991,Male,55-64,6245,9780,0.6385480572597138
1992,Male,55-64,6173,9776,0.6314443535188216
1993,Male,55-64,6166,9773,0.6309219277601555
1994,Male,55-64,6142,9810,0.6260958205912335
1995,Male,55-64,6272,9856,0.6363636363636364
1996,Male,55-64,6470,9997,0.6471941582474743
1997,Male,55-64,6735,10282,0.6550282046294496
1998,Male,55-64,7052,10649,0.6622218048643065
1999,Male,55-64,7274,11008,0.6607921511627907
2000,Male,55-64,7606,11583,0.6566519899853234
2001,Male,55-64,7900,11972,0.6598730370865352
2002,Male,55-64,8378,12641,0.6627640218337156
2003,Male,55-64,8733,13305,0.656369785794814
2004,Male,55-64,9174,13894,0.6602850151144379
2005,Male,55-64,9714,14502,0.6698386429458005
2006,Male,55-64,10192,15095,0.6751904604173568
2007,Male,55-64,10556,15658,0.6741601737131179
2008,Male,55-64,10919,16123,0.6772312845004032
2009,Male,55-64,10890,16698,0.6521739130434783
2010,Male,55-64,11140,17291,0.6442658030189116
2011,Male,55-64,11469,17810,0.6439640651319484
2012,Male,55-64,12068,18416,0.6552997393570807
2013,Male,55-64,12376,18751,0.6600181323662738
2014,Male,55-64,12762,19116,0.667608286252354
2015,Male,55-64,13092,19518,0.6707654472794343
2016,Male,55-64,13410,19867,0.6749886746866663
2017,Male,55-64,13710,20054,0.6836541338386357
2018,Male,55-64,14001,20263,0.6909638256921482
1965,Male,65+,2057,7649,0.2689240423584782
1966,Male,65+,2024,7723,0.26207432344943676
1967,Male,65+,2058,7809,0.263542066845947
1968,Male,65+,2093,7897,0.26503735595795874
1969,Male,65+,2122,7990,0.2655819774718398
1970,Male,65+,2094,8093,0.258742122822192
1971,Male,65+,2019,8208,0.2459795321637427
1972,Male,65+,1953,8330,0.23445378151260504
1973,Male,65+,1856,8426,0.2202705910277712
1974,Male,65+,1869,8641,0.21629441036917024
1975,Male,65+,1811,8852,0.2045865341165838
1976,Male,65+,1732,9053,0.19131779520600906
1977,Male,65+,1761,9297,0.1894159406260084
1978,Male,65+,1855,9509,0.1950783468293196
1979,Male,65+,1876,9746,0.19248922634927149
1980,Male,65+,1835,9979,0.18388616093796972
1981,Male,65+,1812,10170,0.17817109144542773
1982,Male,65+,1776,10371,0.17124674573329476
1983,Male,65+,1770,10573,0.167407547526719
1984,Male,65+,1703,10788,0.1578605858361142
1985,Male,65+,1695,11084,0.1529231324431613
1986,Male,65+,1753,11347,0.15449017361417114
1987,Male,65+,1850,11632,0.15904401650618982
1988,Male,65+,1911,11859,0.16114343536554515
1989,Male,65+,1968,12134,0.1621888907202901
1990,Male,65+,1909,12049,0.15843638476222094
1991,Male,65+,1860,12254,0.15178717153582505
1992,Male,65+,1943,12496,0.1554897567221511
1993,Male,65+,1916,12717,0.15066446488951796
1994,Male,65+,2089,12918,0.1617123393714197
1995,Male,65+,2108,13130,0.16054836252856056
1996,Male,65+,2172,13327,0.1629774142717791
1997,Male,65+,2229,13469,0.1654911277748905
1998,Male,65+,2171,13613,0.15947990891060015
1999,Male,65+,2263,13779,0.1642354307279193
2000,Male,65+,2406,14037,0.1714041461850823
2001,Male,65+,2437,14155,0.17216531261038504
2002,Male,65+,2455,14233,0.1724864750930935
2003,Male,65+,2585,14496,0.17832505518763797
2004,Male,65+,2683,14684,0.18271588123127214
2005,Male,65+,2857,14944,0.19118040685224838
2006,Male,65+,3008,15219,0.19764767724554833
2007,Male,65+,3080,15525,0.19838969404186796
2008,Male,65+,3282,16002,0.20509936257967754
2009,Male,65+,3357,16414,0.20452053125380773
2010,Male,65+,3439,16769,0.20508080386427335
2011,Male,65+,3730,17474,0.21345999771088475
2012,Male,65+,4077,18422,0.22131147540983606
2013,Male,65+,4257,19189,0.22184584918442857
2014,Male,65+,4377,19967,0.21921169930385134
2015,Male,65+,4661,20717,0.2249843124004441
2016,Male,65+,4948,21448,0.23069750093248786
2017,Male,65+,5111,22151,0.23073450408559432
2018,Male,65+,5348,22988,0.23264311814859928
1965,Male,All ages,46340,59779,0.7751886113852691
1966,Male,All ages,46921,60259,0.7786554705521167
1967,Male,All ages,47479,60902,0.7795967291714557
1968,Male,All ages,48114,61846,0.7779646218025418
1969,Male,All ages,48819,62895,0.7761984259480086
1970,Male,All ages,48990,64301,0.7618855072238379
1971,Male,All ages,49391,65937,0.749063500007583
1972,Male,All ages,50896,67831,0.7503353923722192
1973,Male,All ages,52347,69289,0.755487884079724
1974,Male,All ages,53026,70804,0.7489124908197277
1975,Male,All ages,51854,72293,0.7172755315175743
1976,Male,All ages,53137,73759,0.7204137800132865
1977,Male,All ages,54729,75190,0.7278760473467216
1978,Male,All ages,56479,76577,0.7375452159264531
1979,Male,All ages,57607,78019,0.7383714223458389
1980,Male,All ages,57186,79398,0.7202448424393562
1981,Male,All ages,57397,80511,0.7129087950714809
1982,Male,All ages,56271,81524,0.6902384573867818
1983,Male,All ages,56787,82532,0.6880603886977172
1984,Male,All ages,59091,83606,0.7067794177451379
1985,Male,All ages,59890,84470,0.7090091156623654
1986,Male,All ages,60892,85798,0.7097135131355043
1987,Male,All ages,62106,86900,0.7146835443037974
1988,Male,All ages,63272,87857,0.720170276699637
1989,Male,All ages,64315,88763,0.7245699221522481
1990,Male,All ages,65105,90378,0.7203633627652747
1991,Male,All ages,64222,91279,0.7035791364936075
1992,Male,All ages,64440,92269,0.69839274295809
1993,Male,All ages,65350,93332,0.7001885741224875
1994,Male,All ages,66449,94354,0.7042520719842296
1995,Male,All ages,67378,95178,0.707915694803421
1996,Male,All ages,68207,96206,0.7089682556181527
1997,Male,All ages,69685,97716,0.713138073601048
1998,Male,All ages,70694,98758,0.7158306162538731
1999,Male,All ages,71447,99722,0.7164617637030946
2000,Male,All ages,73306,101964,0.7189400180455847
2001,Male,All ages,73197,103282,0.7087101334211189
2002,Male,All ages,72904,104586,0.6970722658864476
2003,Male,All ages,73332,106436,0.6889774136570334
2004,Male,All ages,74524,107710,0.6918949029802247
2005,Male,All ages,75975,109152,0.6960477132805629
2006,Male,All ages,77502,110605,0.7007097328330546
2007,Male,All ages,78255,112173,0.6976277713888369
2008,Male,All ages,77486,113112,0.6850378386024472
2009,Male,All ages,73669,114136,0.6454492885680241
2010,Male,All ages,73359,115173,0.6369461592560757
2011,Male,All ages,74290,116318,0.6386801698791245
2012,Male,All ages,75556,117344,0.6438846468502863
2013,Male,All ages,76353,118557,0.6440193324729877
2014,Male,All ages,77694,119748,0.6488125062631526
2015,Male,All ages,79132,121102,0.6534326435566712
2016,Male,All ages,80568,122498,0.6577086972848536
2017,Male,All ages,81402,123275,0.6603285337659703
2018,Male,All ages,82699,124678,0.663300662506617
