table,column,ours,pub,diff_abs,fail
A,E/P_1999,0.5899678063534889,0.5899678063534649,2.398081733190338e-14,FALSE
A,E/P_1999,0.812748634825037,0.8127486348250115,2.55351295663786e-14,FALSE
A,E/P_1999,0.8228439524338977,0.8228439524339048,7.105427357601002e-15,FALSE
A,E/P_1999,0.8046542723373449,0.8046542723373464,1.5543122344752192e-15,FALSE
A,E/P_1999,0.577315459224082,0.5773154592240781,3.885780586188048e-15,FALSE
A,E/P_1999,0.11949814732536236,0.1194981473253552,7.16093850883226e-15,FALSE
A,E/P_1999,0.725784601984246,0.725784601984239,6.994405055138486e-15,FALSE
A,E/P_1999,0.4426962049353492,0.4426962049353802,3.097522238704187e-14,FALSE
A,E/P_1999,0.6502944405014044,0.6502944405015225,1.1812772982011666e-13,FALSE
A,E/P_1999,0.7974077256523323,0.7974077256523304,1.887379141862766e-15,FALSE
A,E/P_1999,0.8349360360745326,0.8349360360745405,7.882583474838611e-15,FALSE
A,E/P_1999,0.8753233489887849,0.8753233489887493,3.5638159090467525e-14,FALSE
A,E/P_1999,0.6626779144987425,0.6626779144987875,4.5075054799781356e-14,FALSE
A,E/P_1999,0.8135272299332271,0.8135272299331961,3.097522238704187e-14,FALSE
A,E/P_1999,0.8449522293393884,0.8449522293393551,3.3306690738754696e-14,FALSE
A,E/P_1999,0.8794354347508085,0.8794354347508077,8.881784197001252e-16,FALSE
A,E/P_1999,0.594866518691627,0.5948665186917582,1.312283615106935e-13,FALSE
A,E/P_1999,0.7713120910481888,0.77131209104812,6.872280522429719e-14,FALSE
A,E/P_1999,0.8331842332214631,0.8331842332214294,3.3639757646142243e-14,FALSE
A,E/P_1999,0.8920223026175543,0.8920223026175415,1.2878587085651816e-14,FALSE
A,E/P_1999,0.4079230365449886,0.4079230365449572,3.141931159689193e-14,FALSE
A,E/P_1999,0.5543867565963193,0.5543867565962599,5.939693181744587e-14,FALSE
A,E/P_1999,0.6195430788107356,0.6195430788107403,4.773959005888173e-15,FALSE
A,E/P_1999,0.7096059834023155,0.7096059834023304,1.4876988529977098e-14,FALSE
A,E/P_1999,0.07097685133281119,0.07097685133284366,3.247402347028583e-14,FALSE
A,E/P_1999,0.11341349843462838,0.11341349843465771,2.933764342571976e-14,FALSE
A,E/P_1999,0.14367806637741537,0.1436780663774073,8.076872504148014e-15,FALSE
A,E/P_1999,0.20397600274946867,0.20397600274946884,1.6653345369377348e-16,FALSE
A,E/P_1999,0.6425323256072876,0.6425323256072866,9.992007221626409e-16,FALSE
A,E/P_2018,0.5045993266255826,0.5045993266255737,8.881784197001252e-15,FALSE
A,E/P_2018,0.7923652011376231,0.7923652011376282,5.10702591327572e-15,FALSE
A,E/P_2018,0.8039684449953173,0.8039684449953158,1.4432899320127035e-15,FALSE
A,E/P_2018,0.7849318468580195,0.7849318468580131,6.439293542825908e-15,FALSE
A,E/P_2018,0.6310115212452929,0.6310115212452958,2.886579864025407e-15,FALSE
A,E/P_2018,0.1892846241158827,0.18928462411588895,6.2450045135165055e-15,FALSE
A,E/P_2018,0.7046561537281906,0.7046561537281808,9.769962616701378e-15,FALSE
A,E/P_2018,0.32915021877267786,0.329150218772666,1.1879386363489175e-14,FALSE
A,E/P_2018,0.605938862964911,0.6059388629648691,4.18554080283684e-14,FALSE
A,E/P_2018,0.7384249451302775,0.7384249451302595,1.7985612998927536e-14,FALSE
A,E/P_2018,0.7955514369232303,0.7955514369232858,5.551115123125783e-14,FALSE
A,E/P_2018,0.8626649395299624,0.8626649395299449,1.7430501486614958e-14,FALSE
A,E/P_2018,0.6574458955647153,0.6574458955646834,3.197442310920451e-14,FALSE
A,E/P_2018,0.7515150623755098,0.7515150623754591,5.0737192225369654e-14,FALSE
A,E/P_2018,0.8110878424898622,0.8110878424898614,7.771561172376096e-16,FALSE
A,E/P_2018,0.867657948660827,0.8676579486607906,3.6415315207705135e-14,FALSE
A,E/P_2018,0.6168299828761188,0.6168299828762512,1.3244960683778118e-13,FALSE
A,E/P_2018,0.7344515639171997,0.7344515639171975,2.220446049250313e-15,FALSE
A,E/P_2018,0.7919432373953462,0.7919432373953379,8.326672684688674e-15,FALSE
A,E/P_2018,0.8636105446207734,0.8636105446207747,1.3322676295501878e-15,FALSE
A,E/P_2018,0.4525782289293907,0.4525782289293096,8.110179194886769e-14,FALSE
A,E/P_2018,0.5809047135063871,0.5809047135064043,1.7208456881689926e-14,FALSE
A,E/P_2018,0.628718609048028,0.6287186090480852,5.717648576819556e-14,FALSE
A,E/P_2018,0.737003390482608,0.7370033904826417,3.375077994860476e-14,FALSE
A,E/P_2018,0.10007031070044192,0.1000703107004417,2.220446049250313e-16,FALSE
A,E/P_2018,0.14702152546941671,0.14702152546943553,1.8818280267396403e-14,FALSE
A,E/P_2018,0.19834009706923003,0.19834009706926367,3.3639757646142243e-14,FALSE
A,E/P_2018,0.2648487274989526,0.2648487274989334,1.9206858326015208e-14,FALSE
A,E/P_2018,0.6042153388720055,0.6042153388719977,7.771561172376096e-15,FALSE
A,dEP_99_18,-0.08536847972790629,-0.0853684797278913,1.4988010832439613e-14,FALSE
A,dEP_99_18,-0.02038343368741391,-0.02038343368738349,3.042011087472929e-14,FALSE
A,dEP_99_18,-0.01887550743858046,-0.0188755074385889,8.441164434103143e-15,FALSE
A,dEP_99_18,-0.01972242547932534,-0.01972242547933345,8.108097526715596e-15,FALSE
A,dEP_99_18,0.05369606202121091,0.05369606202121768,6.772360450213455e-15,FALSE
A,dEP_99_18,0.06978647679052036,0.06978647679053379,1.3433698597964394e-14,FALSE
A,dEP_99_18,-0.02112844825605542,-0.0211284482560582,2.779027008514845e-15,FALSE
A,dEP_99_18,-0.11354598616267136,-0.11354598616271422,4.285460875053104e-14,FALSE
A,dEP_99_18,-0.04435557753649344,-0.044355577536653534,1.6009416015094757e-13,FALSE
A,dEP_99_18,-0.05898278052205485,-0.05898278052207084,1.599415044850616e-14,FALSE
A,dEP_99_18,-0.03938459915130232,-0.039384599151254696,4.762162886251531e-14,FALSE
A,dEP_99_18,-0.01265840945882257,-0.012658409458804254,1.831521045936313e-14,FALSE
A,dEP_99_18,-0.00523201893402713,-0.005232018934104188,7.705815152636575e-14,FALSE
A,dEP_99_18,-0.06201216755771732,-0.0620121675577372,1.987993103469421e-14,FALSE
A,dEP_99_18,-0.03386438684952619,-0.033864386849493555,3.2633618030075695e-14,FALSE
A,dEP_99_18,-0.01177748608998152,-0.011777486090017164,3.5643363260895455e-14,FALSE
A,dEP_99_18,0.0219634641844918,0.02196346418449302,1.2212453270876722e-15,FALSE
A,dEP_99_18,-0.03686052713098908,-0.036860527130922575,6.650235917504688e-14,FALSE
A,dEP_99_18,-0.04124099582611684,-0.04124099582609164,2.5195123765087146e-14,FALSE
A,dEP_99_18,-0.02841175799678097,-0.028411757996766877,1.4092893518835581e-14,FALSE
A,dEP_99_18,0.04465519238440207,0.044655192384352393,4.967554145807185e-14,FALSE
A,dEP_99_18,0.02651795691006775,0.02651795691014436,7.661232759303971e-14,FALSE
A,dEP_99_18,0.00917553023729245,0.009175530237344852,5.240079203883141e-14,FALSE
A,dEP_99_18,0.02739740708029248,0.027397407080311357,1.8877260865579615e-14,FALSE
A,dEP_99_18,0.02909345936763072,0.02909345936759804,3.267872084045109e-14,FALSE
A,dEP_99_18,0.03360802703478834,0.033608027034777804,1.0533240946131173e-14,FALSE
A,dEP_99_18,0.05466203069181466,0.054662030691856406,4.1744385725905886e-14,FALSE
A,dEP_99_18,0.06087272474948393,0.06087272474946456,1.9366452885805074e-14,FALSE
A,dEP_99_18,-0.03831698673528205,-0.03831698673528883,6.779299344117362e-15,FALSE
A,s_1999,0.16369022069831268,0.16369022069832057,7.882583474838611e-15,FALSE
A,s_1999,0.182796371403958,0.1827963714039576,3.885780586188048e-16,FALSE
A,s_1999,0.21484730374252148,0.214847303742518,3.469446951953614e-15,FALSE
A,s_1999,0.17129288594443243,0.17129288594443298,5.551115123125783e-16,FALSE
A,s_1999,0.11101568519114204,0.11101568519114184,1.942890293094024e-16,FALSE
A,s_1999,0.1563575330196334,0.156357533019629,4.385380947269368e-15,FALSE
A,s_1999,0.08515686686572463,0.08515686686572536,7.355227538141662e-16,FALSE
A,s_1999,0.07853335383259609,0.07853335383259438,1.7069679003611782e-15,FALSE
A,s_1999,0.02218324278383041,0.02218324278382868,1.7277845820728999e-15,FALSE
A,s_1999,0.05634555874307213,0.05634555874307207,5.551115123125783e-17,FALSE
A,s_1999,0.05091600060338026,0.050916000603381424,1.1657341758564144e-15,FALSE
A,s_1999,0.05335156927367306,0.05335156927367449,1.429412144204889e-15,FALSE
A,s_1999,0.02473766171658676,0.02473766171658525,1.5092094240998222e-15,FALSE
A,s_1999,0.07230198915286536,0.07230198915286522,1.3877787807814457e-16,FALSE
A,s_1999,0.05890284403726036,0.05890284403726054,1.8041124150158794e-16,FALSE
A,s_1999,0.05890480883580652,0.05890480883580593,5.898059818321144e-16,FALSE
A,s_1999,0.01952397527366754,0.01952397527366595,1.5890067039947553e-15,FALSE
A,s_1999,0.053139268243437,0.05313926824343834,1.339206523454095e-15,FALSE
A,s_1999,0.04672837814182525,0.04672837814182492,3.2612801348363973e-16,FALSE
A,s_1999,0.05190126428550497,0.05190126428550292,2.0469737016526324e-15,FALSE
A,s_1999,0.02066311904703824,0.020663119047039675,1.4363510381087963e-15,FALSE
A,s_1999,0.04041899174587984,0.04041899174588132,1.4849232954361469e-15,FALSE
A,s_1999,0.02419206779278724,0.02419206779278692,3.191891195797325e-16,FALSE
A,s_1999,0.02574150660543685,0.02574150660543817,1.3183898417423734e-15,FALSE
A,s_1999,0.04928918049918729,0.049289180499187145,1.457167719820518e-16,FALSE
A,s_1999,0.054850557949902,0.054850557949901554,4.440892098500626e-16,FALSE
A,s_1999,0.02795992862964666,0.027959928629648047,1.3877787807814457e-15,FALSE
A,s_1999,0.02425786594089161,0.024257865940891472,1.3877787807814457e-16,FALSE
A,s_1999,1,1,0,FALSE
A,s_2018,0.14742193232763762,0.14742193232763634,1.27675647831893e-15,FALSE
A,s_2018,0.17293490535831685,0.1729349053583163,5.551115123125783e-16,FALSE
A,s_2018,0.15737311431576967,0.15737311431577122,1.5543122344752192e-15,FALSE
A,s_2018,0.15992717960764866,0.15992717960764558,3.0808688933348094e-15,FALSE
A,s_2018,0.16335396914577316,0.1633539691457748,1.6375789613221059e-15,FALSE
A,s_2018,0.1989888992448541,0.19898889924485583,1.7208456881689926e-15,FALSE
A,s_2018,0.06888052650326099,0.06888052650326255,1.5681900222830336e-15,FALSE
A,s_2018,0.07854140582437548,0.0785414058243749,5.828670879282072e-16,FALSE
A,s_2018,0.01299393602762096,0.012993936027619822,1.1379786002407855e-15,FALSE
A,s_2018,0.04509322785799164,0.0450932278579932,1.5543122344752192e-15,FALSE
A,s_2018,0.04796373141790489,0.04796373141790379,1.096345236817342e-15,FALSE
A,s_2018,0.06688401005479971,0.06688401005480077,1.0547118733938987e-15,FALSE
A,s_2018,0.01537146397772374,0.0153714639777226,1.141448047192739e-15,FALSE
A,s_2018,0.03901905448897404,0.03901905448897527,1.2281842209915794e-15,FALSE
A,s_2018,0.0399497735413946,0.03994977354139486,2.636779683484747e-16,FALSE
A,s_2018,0.06303282230767827,0.06303282230767969,1.4155343563970746e-15,FALSE
A,s_2018,0.01569791971360622,0.015697919713605086,1.1345091532888318e-15,FALSE
A,s_2018,0.04429179192207738,0.04429179192207772,3.400058012914542e-16,FALSE
A,s_2018,0.04169597269314837,0.04169597269314748,8.881784197001252e-16,FALSE
A,s_2018,0.05824149527881341,0.05824149527881262,7.840950111415168e-16,FALSE
A,s_2018,0.01621888125507716,0.016218881255077304,1.457167719820518e-16,FALSE
A,s_2018,0.05081927076005723,0.0508192707600564,8.326672684688674e-16,FALSE
A,s_2018,0.04403493844837202,0.04403493844837116,8.604228440844963e-16,FALSE
A,s_2018,0.05228087868226679,0.05228087868226729,4.996003610813204e-16,FALSE
A,s_2018,0.02598224822206542,0.02598224822206569,2.706168622523819e-16,FALSE
A,s_2018,0.06355108834182449,0.0635510883418256,1.1102230246251565e-15,FALSE
A,s_2018,0.04912230309609727,0.049122303096095776,1.4918621893400541e-15,FALSE
A,s_2018,0.06033325958486985,0.0603332595848703,4.510281037539698e-16,FALSE
A,s_2018,1,1,0,FALSE
A,ds_99_18,-0.01626828837067506,-0.016268288370684225,9.166278847061449e-15,FALSE
A,ds_99_18,-0.00986146604564117,-0.009861466045641335,1.6479873021779667e-16,FALSE
A,ds_99_18,-0.05747418942675181,-0.05747418942674679,5.016820292524926e-15,FALSE
A,ds_99_18,-0.01136570633678379,-0.011365706336787408,3.6186331708876196e-15,FALSE
A,ds_99_18,0.05233828395463112,0.05233828395463297,1.85268467234323e-15,FALSE
A,ds_99_18,0.04263136622522071,0.04263136622522684,6.13398221105399e-15,FALSE
A,ds_99_18,-0.01627634036246364,-0.01627634036246281,8.291978215169138e-16,FALSE
A,ds_99_18,8.051991779389756e-6,8.051991780499977e-6,1.110221330559262e-15,FALSE
A,ds_99_18,-0.00918930675620944,-0.009189306756208859,5.811323644522304e-16,FALSE
A,ds_99_18,-0.01125233088508048,-0.011252330885078876,1.6046192152785466e-15,FALSE
A,ds_99_18,-0.00295226918547537,-0.0029522691854776337,2.2638141361497333e-15,FALSE
A,ds_99_18,0.01353244078112665,0.01353244078112628,3.694961003830599e-16,FALSE
A,ds_99_18,-0.00936619773886301,-0.009366197738862653,3.5735303605122226e-16,FALSE
A,ds_99_18,-0.03328293466389132,-0.03328293466388996,1.3600232051658168e-15,FALSE
A,ds_99_18,-0.01895307049586576,-0.01895307049586568,7.979727989493313e-17,FALSE
A,ds_99_18,0.00412801347187175,0.004128013471873776,2.0261570199409107e-15,FALSE
A,ds_99_18,-0.00382605556006132,-0.003826055560060864,4.557985933129061e-16,FALSE
A,ds_99_18,-0.00884747632135962,-0.0088474763213606325,1.0130785099704553e-15,FALSE
A,ds_99_18,-0.00503240544867688,-0.005032405448677439,5.594483210025203e-16,FALSE
A,ds_99_18,0.00634023099330843,0.006340230993309708,1.2776238400569184e-15,FALSE
A,ds_99_18,-0.00444423779196108,-0.00444423779196237,1.289766904388756e-15,FALSE
A,ds_99_18,0.01040027901417739,0.010400279014175076,2.3141211169530607e-15,FALSE
A,ds_99_18,0.01984287065558478,0.01984287065558424,5.377642775528102e-16,FALSE
A,ds_99_18,0.02653937207682994,0.02653937207682912,8.187894806610529e-16,FALSE
A,ds_99_18,-0.02330693227712186,-0.02330693227712145,4.0939474033052647e-16,FALSE
A,ds_99_18,0.00870053039192249,0.008700530391924048,1.5577816814271728e-15,FALSE
A,ds_99_18,0.0211623744664506,0.02116237446644773,2.8727020762175925e-15,FALSE
A,ds_99_18,0.03607539364397824,0.036075393643978826,5.828670879282072e-16,FALSE
A,ds_99_18,0,0,0,FALSE
