year,gender,series,ours,pub,diff_abs,fail
1965,All,epop16_24,0.5020495033895633,0.5020495,3.3895632967073652e-9,FALSE
1965,All,epop25_54,0.6766203323528973,0.6766203,3.235289736114311e-8,FALSE
1965,All,epop55_64,0.5995097746158905,0.5995098,2.538410948105252e-8,FALSE
1965,All,epop65,0.1723841211564938,0.1723841,2.1156493779095342e-8,FALSE
1965,All,epop_all,0.5619328421917982,0.5619329,5.7808201781028856e-8,FALSE
1966,All,epop16_24,0.5217308425467022,0.5217308,4.254670216141676e-8,FALSE
1966,All,epop25_54,0.6847195934365639,0.6847196,6.563436127926536e-9,FALSE
1966,All,epop55_64,0.606220967836773,0.606221,3.216322697063845e-8,FALSE
1966,All,epop65,0.16714648602878915,0.1671465,1.3971210854890614e-8,FALSE
1966,All,epop_all,0.5693044177710443,0.5693044,1.7771044302783423e-8,FALSE
1967,All,epop16_24,0.5271551243448199,0.5271551,2.4344819937738293e-8,FALSE
1967,All,epop25_54,0.6897495046283973,0.6897495,4.6283973320626615e-9,FALSE
1967,All,epop55_64,0.6086655112651647,0.6086655,1.1265164689966412e-8,FALSE
1967,All,epop65,0.16700870819235675,0.1670087,8.192356737435347e-9,FALSE
1967,All,epop_all,0.5726903115519073,0.5726903,1.1551907319606869e-8,FALSE
1968,All,epop16_24,0.5271303780492225,0.5271304,2.195077752897845e-8,FALSE
1968,All,epop25_54,0.6946058818375631,0.6946059,1.8162436887791955e-8,FALSE
1968,All,epop55_64,0.6100261155898717,0.6100261,1.558987172689541e-8,FALSE
1968,All,epop65,0.16713927363943723,0.1671393,2.636056276039689e-8,FALSE
1968,All,epop_all,0.5750588912537967,0.5750589,8.746203317144818e-9,FALSE
1969,All,epop16_24,0.5400412832802715,0.5400413,1.671972849059955e-8,FALSE
1969,All,epop25_54,0.6997252747252747,0.6997253,2.5274725312662838e-8,FALSE
1969,All,epop55_64,0.6089793641940882,0.6089793,6.419408815627747e-8,FALSE
1969,All,epop65,0.16910542959747013,0.1691054,2.9597470141418114e-8,FALSE
1969,All,epop_all,0.5799374674309536,0.5799375,3.256904634874047e-8,FALSE
1970,All,epop16_24,0.5319683667314523,0.5319684,3.326854769447607e-8,FALSE
1970,All,epop25_54,0.6960690453395825,0.6960691,5.466041752555384e-8,FALSE
1970,All,epop55_64,0.6013150684931506,0.6013151,3.150684935171455e-8,FALSE
1970,All,epop65,0.1640448255905719,0.1640448,2.5590571911537907e-8,FALSE
1970,All,epop_all,0.5739630294276419,0.573963,2.942764187885416e-8,FALSE
1971,All,epop16_24,0.5231294035132464,0.5231294,3.5132464715204037e-9,FALSE
1971,All,epop25_54,0.6902406322771858,0.6902406,3.22771858130011e-8,FALSE
1971,All,epop55_64,0.5924869490339594,0.592487,5.0966040610056496e-8,FALSE
1971,All,epop65,0.15665258167577037,0.1566526,1.8324229633659428e-8,FALSE
1971,All,epop_all,0.5660478285987347,0.5660478,2.8598734713725094e-8,FALSE
1972,All,epop16_24,0.5434416439530824,0.5434417,5.6046917662477824e-8,FALSE
1972,All,epop25_54,0.6952482191175658,0.6952482,1.911756586370217e-8,FALSE
1972,All,epop55_64,0.581049087178408,0.5810491,1.2821592010325844e-8,FALSE
1972,All,epop65,0.14997752584527793,0.1499775,2.5845277917824205e-8,FALSE
1972,All,epop_all,0.5700358731326196,0.5700359,2.6867380431561116e-8,FALSE
1973,All,epop16_24,0.5699033758797567,0.5699034,2.4120243247161e-8,FALSE
1973,All,epop25_54,0.7051427798078225,0.7051428,2.019217748561175e-8,FALSE
1973,All,epop55_64,0.568746434313573,0.5687464,3.4313572983002416e-8,FALSE
1973,All,epop65,0.14154691255088528,0.1415469,1.2550885275519619e-8,FALSE
1973,All,epop_all,0.5783115329181736,0.5783116,6.708182642700677e-8,FALSE
1974,All,epop16_24,0.5720430736817463,0.5720431,2.6318253687485083e-8,FALSE
1974,All,epop25_54,0.7081003736188028,0.7081004,2.638119711573239e-8,FALSE
1974,All,epop55_64,0.5617666649587539,0.5617667,3.504124601594327e-8,FALSE
1974,All,epop65,0.13535449988063977,0.1353545,1.1936021615532866e-10,FALSE
1974,All,epop_all,0.5781872443609524,0.5781872,4.43609523559374e-8,FALSE
1975,All,epop16_24,0.5423414160454688,0.5423414,1.6045468842484922e-8,FALSE
1975,All,epop25_54,0.6933607742506936,0.6933607,7.42506935935694e-8,FALSE
1975,All,epop55_64,0.5456057246522878,0.5456057,2.4652287877735546e-8,FALSE
1975,All,epop65,0.13012775842044136,0.1301278,4.157955862948981e-8,FALSE
1975,All,epop_all,0.5605309722956782,0.560531,2.7704321836630186e-8,FALSE
1976,All,epop16_24,0.5572320353833664,0.557232,3.538336645902973e-8,FALSE
1976,All,epop25_54,0.7060697561350086,0.7060698,4.38649914169531e-8,FALSE
1976,All,epop55_64,0.5405994550408719,0.5405995,4.495912808710756e-8,FALSE
1976,All,epop65,0.12439433048046009,0.1243943,3.048046008646832e-8,FALSE
1976,All,epop_all,0.56836739268263,0.5683674,7.317369932202666e-9,FALSE
1977,All,epop16_24,0.5757926661152467,0.5757927,3.388475333654384e-8,FALSE
1977,All,epop25_54,0.7187413641502324,0.7187414,3.584976759896108e-8,FALSE
1977,All,epop55_64,0.5412268327090529,0.5412268,3.270905291063997e-8,FALSE
1977,All,epop65,0.12333495596760632,0.123335,4.40323936756748e-8,FALSE
1977,All,epop_all,0.5785932567878567,0.5785933,4.321214330804679e-8,FALSE
1978,All,epop16_24,0.59825077652444,0.5982507,7.652444000694203e-8,FALSE
1978,All,epop25_54,0.736099646408023,0.7360997,5.3591977078326636e-8,FALSE
1978,All,epop55_64,0.5461077844311377,0.5461078,1.5568862310466614e-8,FALSE
1978,All,epop65,0.12716912716912718,0.1271691,2.716912717026787e-8,FALSE
1978,All,epop_all,0.5932308072385893,0.5932308,7.238589394553685e-9,FALSE
1979,All,epop16_24,0.6055120237773575,0.605512,2.3777357416321365e-8,FALSE
1979,All,epop25_54,0.7460723507975964,0.7460724,4.9202403595849376e-8,FALSE
1979,All,epop55_64,0.5462046204620462,0.5462046,2.0462046168567838e-8,FALSE
1979,All,epop65,0.12618336348718812,0.1261834,3.651281188510325e-8,FALSE
1979,All,epop_all,0.5994383147014758,0.5994383,1.470147581450476e-8,FALSE
1980,All,epop16_24,0.5862875894346119,0.5862876,1.0565388119943009e-8,FALSE
1980,All,epop25_54,0.7433499805192505,0.74335,1.9480749458011815e-8,FALSE
1980,All,epop55_64,0.5383828996282528,0.5383829,3.717471885877899e-10,FALSE
1980,All,epop65,0.1215605749486653,0.1215606,2.5051334701098327e-8,FALSE
1980,All,epop_all,0.591986741938753,0.5919867,4.1938753025938524e-8,FALSE
1981,All,epop16_24,0.576416266133823,0.5764163,3.386617697387351e-8,FALSE
1981,All,epop25_54,0.7466759162909007,0.7466759,1.6290900739512892e-8,FALSE
1981,All,epop55_64,0.5297389225960655,0.5297389,2.2596065463176274e-8,FALSE
1981,All,epop65,0.11851106639839036,0.1185111,3.360160963361558e-8,FALSE
1981,All,epop_all,0.5901193205196027,0.5901193,2.0519602683677363e-8,FALSE
1982,All,epop16_24,0.552857298951049,0.5528573,1.0489510371414212e-9,FALSE
1982,All,epop25_54,0.7350142021342809,0.7350142,2.13428097417534e-9,FALSE
1982,All,epop55_64,0.520973116071021,0.5209731,1.607102106948588e-8,FALSE
1982,All,epop65,0.11513766888565014,0.1151377,3.111434986047268e-8,FALSE
1982,All,epop_all,0.5777350801934162,0.5777351,1.980658370648314e-8,FALSE
1983,All,epop16_24,0.556205472236853,0.5562055,2.776314700358995e-8,FALSE
1983,All,epop25_54,0.7371850275912506,0.737185,2.7591250617575724e-8,FALSE
1983,All,epop55_64,0.514248057083125,0.5142481,4.291687494273333e-8,FALSE
1983,All,epop65,0.1130465008496833,0.1130465,8.49683309822602e-10,FALSE
1983,All,epop_all,0.578793897160963,0.5787939,2.839037005486489e-9,FALSE
1984,All,epop16_24,0.5829828077802558,0.5829828,7.780255772971145e-9,FALSE
1984,All,epop25_54,0.7582940438600285,0.758294,4.3860028497988424e-8,FALSE
1984,All,epop55_64,0.5167331761291493,0.5167332,2.3870850740514982e-8,FALSE
1984,All,epop65,0.10725229826353422,0.1072523,1.736465776724927e-9,FALSE
1984,All,epop_all,0.5953204372278664,0.5953205,6.27721336021736e-8,FALSE
1985,All,epop16_24,0.5899488483657487,0.5899488,4.836574862832066e-8,FALSE
1985,All,epop25_54,0.7669238993510962,0.7669239,6.489038195667263e-10,FALSE
1985,All,epop55_64,0.5182475158084914,0.5182475,1.5808491404811775e-8,FALSE
1985,All,epop65,0.1041967626032522,0.1041968,3.739674780955937e-8,FALSE
1985,All,epop_all,0.6012670658279416,0.601267,6.582794165321815e-8,FALSE
1986,All,epop16_24,0.59480405107882,0.594804,5.107881995147778e-8,FALSE
1986,All,epop25_54,0.7732056528506489,0.7732056,5.28506488572944e-8,FALSE
1986,All,epop55_64,0.5181500159011403,0.51815,1.5901140293372862e-8,FALSE
1986,All,epop65,0.10615703531294322,0.106157,3.531294322234313e-8,FALSE
1986,All,epop_all,0.6068964371545967,0.6068965,6.284540321477294e-8,FALSE
1987,All,epop16_24,0.6005480104836788,0.600548,1.0483678813955066e-8,FALSE
1987,All,epop25_54,0.7837053458961052,0.7837054,5.410389480875466e-8,FALSE
1987,All,epop55_64,0.5250744217998626,0.5250744,2.17998625817728e-8,FALSE
1987,All,epop65,0.1081898391916892,0.1081898,3.919168919952476e-8,FALSE
1987,All,epop_all,0.6152587631460871,0.6152588,3.6853912921408494e-8,FALSE
1988,All,epop16_24,0.6082643123691636,0.6082643,1.2369163582270915e-8,FALSE
1988,All,epop25_54,0.7918224045602028,0.7918224,4.560202770953481e-9,FALSE
1988,All,epop55_64,0.5283027586525576,0.5283027,5.865255758852328e-8,FALSE
1988,All,epop65,0.11173633440514467,0.1117363,3.440514467767386e-8,FALSE
1988,All,epop_all,0.6227567939419217,0.6227568,6.058078261261812e-9,FALSE
1989,All,epop16_24,0.6115418010419251,0.6115418,1.0419251017523834e-9,FALSE
1989,All,epop25_54,0.7991715427843115,0.7991716,5.7215688520351193e-8,FALSE
1989,All,epop55_64,0.5371858357469869,0.5371858,3.5746986815077264e-8,FALSE
1989,All,epop65,0.11500359921845542,0.1150036,7.815445790537723e-10,FALSE
1989,All,epop_all,0.6295408089359579,0.6295408,8.935957862554744e-9,FALSE
1990,All,epop16_24,0.5978696666866136,0.5978697,3.331338638279391e-8,FALSE
1990,All,epop25_54,0.7967497352896687,0.7967497,3.528966874277728e-8,FALSE
1990,All,epop55_64,0.5400357160094599,0.5400357,1.600945986890423e-8,FALSE
1990,All,epop65,0.11440489622867304,0.1144049,3.771326959056687e-9,FALSE
1990,All,epop_all,0.6279947558732105,0.6279948,4.412678944465398e-8,FALSE
1991,All,epop16_24,0.5715280300278484,0.571528,3.002784831895866e-8,FALSE
1991,All,epop25_54,0.7862863095625645,0.7862863,9.562564518006411e-9,FALSE
1991,All,epop55_64,0.5320918984280532,0.5320919,1.5719467949537602e-9,FALSE
1991,All,epop65,0.1111111111111111,0.1111111,1.1111111100636784e-8,FALSE
1991,All,epop_all,0.6165699440615113,0.6165699,4.406151132840819e-8,FALSE
1992,All,epop16_24,0.5672459156825552,0.5672459,1.5682555254414865e-8,FALSE
1992,All,epop25_54,0.7830174873783566,0.7830175,1.262164339710381e-8,FALSE
1992,All,epop55_64,0.5337798485730926,0.5337799,5.142690739923239e-8,FALSE
1992,All,epop65,0.11070612014977302,0.1107061,2.0149773016786554e-8,FALSE
1992,All,epop_all,0.6145691242447032,0.6145691,2.4244703245024368e-8,FALSE
1993,All,epop16_24,0.5723363108941891,0.5723363,1.0894189106380736e-8,FALSE
1993,All,epop25_54,0.7854447876239273,0.7854448,1.2376072722197762e-8,FALSE
1993,All,epop55_64,0.5374744823563721,0.5374745,1.764362789202778e-8,FALSE
1993,All,epop65,0.1087353920480512,0.1087354,7.951948793882835e-9,FALSE
1993,All,epop_all,0.6172307250125746,0.6172307,2.5012574567107038e-8,FALSE
1994,All,epop16_24,0.58124673569080465,0.5812467,3.569080464504992e-8,FALSE
1994,All,epop25_54,0.7923511339217532,0.7923511,3.392175318417401e-8,FALSE
1994,All,epop55_64,0.5441240610613036,0.5441241,3.893869637838776e-8,FALSE
1994,All,epop65,0.118695988649555,0.118696,1.1350445000557485e-8,FALSE
1994,All,epop_all,0.6252654790817727,0.6252655,2.0918227372490605e-8,FALSE
1995,All,epop16_24,0.5826100386100386,0.58261,3.861003861072021e-8,FALSE
1995,All,epop25_54,0.7975023240313612,0.7975023,2.4031361234300164e-8,FALSE
1995,All,epop55_64,0.5514829997588618,0.551483,2.411381094802323e-10,FALSE
1995,All,epop65,0.11657339099465784,0.1165734,9.005342152534901e-9,FALSE
1995,All,epop_all,0.6289479514965959,0.628948,4.850340407092091e-8,FALSE
1996,All,epop16_24,0.5762607055622546,0.5762607,5.562254656865662e-9,FALSE
1996,All,epop25_54,0.802060516860742,0.8020605,1.6860742024782382e-8,FALSE
1996,All,epop55_64,0.5592663172939495,0.5592663,1.7293949494678884e-8,FALSE
1996,All,epop65,0.1162168120689112,0.1162168,1.2068911203755306e-8,FALSE
1996,All,epop_all,0.6316846885920963,0.6316847,1.1407903732774116e-8,FALSE
1997,All,epop16_24,0.5803944280184107,0.5803944,2.8018410702657093e-8,FALSE
1997,All,epop25_54,0.8085130057432404,0.808513,5.743240327760191e-9,FALSE
1997,All,epop55_64,0.5717740060451058,0.571774,6.045105749308277e-9,FALSE
1997,All,epop65,0.11757166525993312,0.1175717,3.474006687875786e-8,FALSE
1997,All,epop_all,0.6378006636013666,0.6378006,6.360136650673809e-8,FALSE
1998,All,epop16_24,0.5899449408791407,0.589945,5.9120859319250485e-8,FALSE
1998,All,epop25_54,0.8110600255427841,0.81106,2.554278411004418e-8,FALSE
1998,All,epop55_64,0.5773232866881952,0.5773233,1.3311804769600144e-8,FALSE
1998,All,epop65,0.11555045444675371,0.1155505,4.555324628618962e-8,FALSE
1998,All,epop_all,0.6406003313517201,0.6406003,3.1351720108929726e-8,FALSE
1999,All,epop16_24,0.58994942366502,0.5899494,2.366502005468618e-8,FALSE
1999,All,epop25_54,0.8141254505152371,0.8141255,4.948476284294401e-8,FALSE
1999,All,epop55_64,0.5773066250433576,0.5773066,2.5043357609888517e-8,FALSE
1999,All,epop65,0.11950498707055782,0.119505,1.29294421835624e-8,FALSE
1999,All,epop_all,0.6425291450465455,0.6425291,4.504654549375431e-8,FALSE
2000,All,epop16_24,0.596616310668264,0.5966163,1.0668264049940035e-8,FALSE
2000,All,epop25_54,0.814639846838559,0.8146399,5.316144102707199e-8,FALSE
2000,All,epop55_64,0.5778786628146926,0.5778787,3.7185307388831745e-8,FALSE
2000,All,epop65,0.12487300543835536,0.124873,5.438355363263092e-9,FALSE
2000,All,epop_all,0.6439626298359175,0.6439626,2.983591740335356e-8,FALSE
2001,All,epop16_24,0.5771418720910187,0.5771419,2.7908981237168007e-8,FALSE
2001,All,epop25_54,0.8054669254300846,0.8054669,2.5430084593658364e-8,FALSE
2001,All,epop55_64,0.5855423613610011,0.5855424,3.863899888933986e-8,FALSE
2001,All,epop65,0.12630672368733667,0.1263067,2.3687336675459747e-8,FALSE
2001,All,epop_all,0.6366269474134444,0.636627,5.258655566553472e-8,FALSE
2002,All,epop16_24,0.5569294324033728,0.5569294,3.240337276277927e-8,FALSE
2002,All,epop25_54,0.7931223735838856,0.7931224,2.641611440701297e-8,FALSE
2002,All,epop55_64,0.5949967733363702,0.5949968,2.666362974856895e-8,FALSE
2002,All,epop65,0.1273663038334122,0.1273663,3.833412198783748e-9,FALSE
2002,All,epop_all,0.6273153467849428,0.6273153,4.67849428087419e-8,FALSE
2003,All,epop16_24,0.5390979747611221,0.539098,2.523887787653223e-8,FALSE
2003,All,epop25_54,0.7882130603703493,0.7882131,3.962965067216828e-8,FALSE
2003,All,epop55_64,0.598600692440854,0.5986007,7.559145975832848e-9,FALSE
2003,All,epop65,0.13452836247919892,0.1345284,3.752080107721767e-8,FALSE
2003,All,epop_all,0.622769219639458,0.6227692,1.9639457948805727e-8,FALSE
2004,All,epop16_24,0.5390043658529888,0.5390044,3.4147011218621515e-8,FALSE
2004,All,epop25_54,0.7898225427436999,0.7898225,4.2743699912861643e-08,FALSE
2004,All,epop55_64,0.5992945814170615,0.5992946,1.8582938521305437e-8,FALSE
2004,All,epop65,0.13924123782831055,0.1392412,3.782831053955604e-8,FALSE
2004,All,epop_all,0.6234503507837229,0.6234503,5.078372289357702e-8,FALSE
2005,All,epop16_24,0.539074003381142,0.539074,3.381141921998676e-9,FALSE
2005,All,epop25_54,0.7933658678005412,0.7933659,3.219945876598018e-8,FALSE
2005,All,epop55_64,0.6082877507044588,0.6082878,4.92955412045859e-8,FALSE
2005,All,epop65,0.14526063647770046,0.1452606,3.647770047132681e-8,FALSE
2005,All,epop_all,0.6268936629467938,0.6268936,6.294679377738532e-8,FALSE
2006,All,epop16_24,0.5424572990823702,0.5424573,9.176298609858691e-10,FALSE
2006,All,epop25_54,0.7981166522532911,0.7981166,5.225329113844879e-8,FALSE
2006,All,epop55_64,0.6179760956175299,0.6179761,4.382470164543406e-9,FALSE
2006,All,epop65,0.14952405020638532,0.149524,5.020638532693411e-8,FALSE
2006,All,epop_all,0.6311911369446933,0.6311911,3.6944693304619136e-8,FALSE
2007,All,epop16_24,0.5312892619423133,0.5312893,3.805768666875764e-8,FALSE
2007,All,epop25_54,0.7991582866598778,0.7991583,1.3340122229088536e-8,FALSE
2007,All,epop55_64,0.6180801032797467,0.6180801,3.2797466964495925e-9,FALSE
2007,All,epop65,0.15496301203489013,0.154963,1.2034890140011356e-8,FALSE
2007,All,epop_all,0.6298810519869235,0.629881,5.1986923432778553e-8,FALSE
2008,All,epop16_24,0.5122719026784761,0.5122719,2.678476107575989e-9,FALSE
2008,All,epop25_54,0.7908270461273995,0.790827,4.612739956666445e-8,FALSE
2008,All,epop55_64,0.6214206801827357,0.6214207,1.981726438504694e-8,FALSE
2008,All,epop65,0.16089448615483976,0.1608945,1.3845160240499865e-8,FALSE
2008,All,epop_all,0.6217684397830513,0.6217684,3.9783051297703764e-8,FALSE
2009,All,epop16_24,0.46852290574174144,0.4685229,5.741741415654644e-9,FALSE
2009,All,epop25_54,0.7577331082157306,0.7577331,8.215730540328536e-9,FALSE
2009,All,epop55_64,0.6062415275013701,0.6062415,2.750137007012654e-8,FALSE
2009,All,epop65,0.16090320543186484,0.1609032,5.4318648468054676e-09,FALSE
2009,All,epop_all,0.593206106870229,0.5932061,6.870229052324817e-9,FALSE
2010,All,epop16_24,0.45001054073995994,0.4500105,4.073995996112245e-8,FALSE
2010,All,epop25_54,0.7509218612818261,0.7509218,6.128182616915723e-8,FALSE
2010,All,epop55_64,0.6029260136547304,0.602926,1.3654730457446362e-8,FALSE
2010,All,epop65,0.16193871751149694,0.1619387,1.7511496946953642e-8,FALSE
2010,All,epop_all,0.5847226368525285,0.5847226,3.6852528473296786e-8,FALSE
2011,All,epop16_24,0.45456449459381626,0.4545645,5.406183722911351e-9,FALSE
2011,All,epop25_54,0.751164748807185,0.7511647,4.880718496025338e-8,FALSE
2011,All,epop55_64,0.599832373536648,0.5998324,2.6463352065242418e-8,FALSE
2011,All,epop65,0.16730851519041506,0.1673085,1.519041506470309e-8,FALSE
2011,All,epop_all,0.5837207555358946,0.5837207,5.5535894660785345e-8,FALSE
2012,All,epop16_24,0.45984065183198825,0.4598407,4.816801174589713e-8,FALSE
2012,All,epop25_54,0.757364415914539,0.7573644,1.5914538908923248e-8,FALSE
2012,All,epop55_64,0.6064773735581189,0.60647740000000006,2.6441881129102285e-8,FALSE
2012,All,epop65,0.17303971912393418,0.1730397,1.9123934186238145e-8,FALSE
2012,All,epop_all,0.5856077670541425,0.5856078,3.294585748658818e-8,FALSE
2013,All,epop16_24,0.4649192821648343,0.4649193,1.783516567765986e-8,FALSE
2013,All,epop25_54,0.7589203179885377,0.7589203,1.7988537659441306e-8,FALSE
2013,All,epop55_64,0.609297319460817,0.6092973,1.9460816957916904e-8,FALSE
2013,All,epop65,0.1769326453515157,0.1769326,4.535151570950191e-8,FALSE
2013,All,epop_all,0.5858393031585802,0.5858393,3.1585802862110768e-9,FALSE
2014,All,epop16_24,0.4763897499483365,0.4763897,4.994833646687624e-8,FALSE
2014,All,epop25_54,0.7669764117226591,0.7669764,1.1722659065682706e-8,FALSE
2014,All,epop55_64,0.6134946182476612,0.6134946,1.824766115987586e-8,FALSE
2014,All,epop65,0.17729486865811073,0.1772949,3.13418892783357e-8,FALSE
2014,All,epop_all,0.5900679986771313,0.590068,1.3228687034683162e-9,FALSE
2015,All,epop16_24,0.4860326509458409,0.4860327,4.905415906808486e-8,FALSE
2015,All,epop25_54,0.7724224476256704,0.7724224,4.762567040739185e-8,FALSE
2015,All,epop55_64,0.6152387052273735,0.6152387,5.227373423011272e-9,FALSE
2015,All,epop65,0.18200778343976431,0.1820078,1.656023568274989e-8,FALSE
2015,All,epop_all,0.5934282820711159,0.5934283,1.792888415508287e-8,FALSE
2016,All,epop16_24,0.4941329517366983,0.494133,4.826330168850035e-8,FALSE
2016,All,epop25_54,0.7792876965036856,0.7792877,3.4963144601718454e-9,FALSE
2016,All,epop55_64,0.6178948387721507,0.6178948,3.8772150712240716e-8,FALSE
2016,All,epop65,0.18561465598001456,0.1856147,4.401998543457353e-8,FALSE
2016,All,epop_all,0.5972887800298968,0.5972888,1.997010312670966e-8,FALSE
2017,All,epop16_24,0.5034338138925295,0.5034338,1.3892529460157732e-8,FALSE
2017,All,epop25_54,0.7862876600077965,0.7862877,3.999220354877764e-8,FALSE
2017,All,epop55_64,0.6251709001942866,0.6251709,1.9428658681874822e-10,FALSE
2017,All,epop65,0.1863873077388882,0.1863873,7.738888196939797e-9,FALSE
2017,All,epop_all,0.6011368982280069,0.6011369,1.7719931078019613e-9,FALSE
2018,All,epop16_24,0.5046047784443742,0.5046048,2.1555625728808536e-8,FALSE
2018,All,epop25_54,0.7936782973336498,0.7936783,2.6663501406787304e-9,FALSE
2018,All,epop55_64,0.6307878615187349,0.6307878,6.151873488402515e-8,FALSE
2018,All,epop65,0.18924399898601876,0.189244,1.013981232311778e-9,FALSE
2018,All,epop_all,0.6042103874844351,0.6042104,1.251556491776995e-8,FALSE
1965,Female,epop16_24,0.3921965101475324,0.3921965,1.0147532369941814e-8,FALSE
1965,Female,epop25_54,0.4325797567133349,0.4325798,4.328666514119561e-8,FALSE
1965,Female,epop55_64,0.3989927892869406,0.3989928,1.0713059384048762e-8,FALSE
1965,Female,epop65,0.09690279055504449,0.0969028,9.444955512138975e-9,FALSE
1965,Female,epop_all,0.3708882195147537,0.3708882,1.951475370187694e-8,FALSE
1966,Female,epop16_24,0.4193687540441441,0.4193687,5.404414410437042e-8,FALSE
1966,Female,epop25_54,0.4449875653889032,0.4449876,3.4611096766390403e-8,FALSE
1966,Female,epop55_64,0.4088459811405478,0.408846,1.885945216661966e-8,FALSE
1966,Female,epop65,0.09377502001601282,0.093775,2.001601281942378e-8,FALSE
1966,Female,epop_all,0.3832163087089922,0.3832163,8.708992194073062e-9,FALSE
1967,Female,epop16_24,0.4299416180150125,0.4299416,1.801501253728688e-8,FALSE
1967,Female,epop25_54,0.45350914504466183,0.4535092,5.495533816901599e-8,FALSE
1967,Female,epop55_64,0.413770347558293,0.4137703,4.7558293025939946e-8,FALSE
1967,Female,epop65,0.09324853228962818,0.0932485,3.2289628179582586e-8,FALSE
1967,Female,epop_all,0.3899659247444356,0.3899659,2.4744435611623317e-8,FALSE
1968,Female,epop16_24,0.4381893226875973,0.4381893,2.2687597300841134e-8,FALSE
1968,Female,epop25_54,0.4626531012640489,0.4626531,1.2640489210902217e-9,FALSE
1968,Female,epop55_64,0.41517568441474456,0.4151757,1.558525541955902e-8,FALSE
1968,Female,epop65,0.0930945311751748,0.0930945,3.117517480277776e-8,FALSE
1968,Female,epop_all,0.3962409336392265,0.3962409,3.363922651544726e-8,FALSE
1969,Female,epop16_24,0.45784236711180937,0.4578424,3.288819061531001e-8,FALSE
1969,Female,epop25_54,0.47379670238161326,0.4737967,2.381613239954561e-9,FALSE
1969,Female,epop55_64,0.4212972744559476,0.4212973,2.554405237331636e-8,FALSE
1969,Female,epop65,0.09684072372738352,0.0968407,2.3727383516303213e-8,FALSE
1969,Female,epop_all,0.4071393574578288,0.4071394,4.254217117471981e-8,FALSE
1970,Female,epop16_24,0.456520366277234,0.4565204,3.372276596858015e-8,FALSE
1970,Female,epop25_54,0.4781556734761211,0.4781557,2.6523878926543176e-8,FALSE
1970,Female,epop55_64,0.4188839424371053,0.4188839,4.243710532980671e-8,FALSE
1970,Female,epop65,0.0937328202308961,0.0937328,2.023089609726192e-8,FALSE
1970,Female,epop_all,0.40793360722186345,0.4079336,7.221863440598497e-9,FALSE
1971,Female,epop16_24,0.44681887366818873,0.4468189,2.6331811286972595e-8,FALSE
1971,Female,epop25_54,0.4764533144814835,0.4764533,1.4481483456840749e-8,FALSE
1971,Female,epop55_64,0.4146909827760892,0.414691,1.722391079761465e-8,FALSE
1971,Female,epop65,0.0911769958921236,0.091177,4.10787640015009e-9,FALSE
1971,Female,epop_all,0.403603021367694,0.403603,2.136769400307159e-8,FALSE
1972,Female,epop16_24,0.46432166755492393,0.4643217,3.2445076070253265e-8,FALSE
1972,Female,epop25_54,0.4853844721653323,0.4853845,2.7834667681858605e-8,FALSE
1972,Female,epop55_64,0.4069020073173143,0.406902,7.317314310029133e-9,FALSE
1972,Female,epop65,0.08988283588471735,0.0898828,3.588471735038734e-8,FALSE
1972,Female,epop_all,0.40969982959758816,0.4096998,2.9597588158125632e-8,FALSE
1973,Female,epop16_24,0.48788265306122447,0.4878826,5.3061224469797e-8,FALSE
1973,Female,epop25_54,0.5003524712148508,0.5003524,7.121485079419898e-8,FALSE
1973,Female,epop55_64,0.3993197278911565,0.3993197,2.7891156495485347e-8,FALSE
1973,Female,epop65,0.08601521357519017,0.0860152,1.3575190166426054e-8,FALSE
1973,Female,epop_all,0.42051618210328784,0.4205162,1.7896712167786433e-8,FALSE
1974,Female,epop16_24,0.495871533511759,0.4958715,3.3511758978921335e-8,FALSE
1974,Female,epop25_54,0.5122225919574065,0.5122226,8.042593480084292e-9,FALSE
1974,Female,epop55_64,0.3935626867109955,0.3935627,1.3289004507921476e-8,FALSE
1974,Female,epop65,0.0785110533159948,0.0785111,4.668400520324578e-8,FALSE
1974,Female,epop_all,0.4257902634001185,0.4257903,3.6599881514387533e-8,FALSE
1975,Female,epop16_24,0.48321249302844393,0.4832125,6.971556054669037e-9,FALSE
1975,Female,epop25_54,0.5095969773299748,0.509597,2.2670025190407728e-8,FALSE
1975,Female,epop55_64,0.38880469785944305,0.3888047,2.1405569539112435e-9,FALSE
1975,Female,epop65,0.0780399274047187,0.0780399,2.740471870266159e-8,FALSE
1975,Female,epop_all,0.4203386057555558,0.4203386,5.755555809727753e-9,FALSE
1976,Female,epop16_24,0.4957789716039908,0.495779,2.8396009210673867e-8,FALSE
1976,Female,epop25_54,0.5291874086732545,0.5291874,8.673254558999588e-9,FALSE
1976,Female,epop55_64,0.3898715323031093,0.3898715,3.230310929858149e-8,FALSE
1976,Female,epop65,0.0780506523407521,0.0780507,4.76592478954041e-8,FALSE
1976,Female,epop_all,0.432280224781833,0.4322802,2.4781832974607454e-8,FALSE
1977,Female,epop16_24,0.5122953034643031,0.5122953,3.464303066635921e-9,FALSE
1977,Female,epop25_54,0.5476068812808721,0.5476069,1.8719127914401668e-8,FALSE
1977,Female,epop55_64,0.3911334552102377,0.3911335,4.4789762343455664e-8,FALSE
1977,Female,epop65,0.07721804511278195,0.077218,4.511278195451496e-8,FALSE
1977,Female,epop_all,0.4447757633587786,0.4447758,3.664122139035442e-8,FALSE
1978,Female,epop16_24,0.5380460937917758,0.5380461,6.208224156978304e-9,FALSE
1978,Female,epop25_54,0.5726469182990922,0.5726469,1.829909224149162e-8,FALSE
1978,Female,epop55_64,0.39989206691851054,0.3998921,3.308148943670375e-8,FALSE
1978,Female,epop65,0.07987992385415141,0.0798799,2.385415140415681e-8,FALSE
1978,Female,epop_all,0.46369101327677326,0.463691,1.3276773236370332e-8,FALSE
1979,Female,epop16_24,0.5482020502469858,0.548202,5.0246985794366594e-8,FALSE
1979,Female,epop25_54,0.5903309676059307,0.590331,3.2394069315877516e-8,FALSE
1979,Female,epop55_64,0.4042289657613023,0.404229,3.4238697710353705e-8,FALSE
1979,Female,epop65,0.08016546608658441,0.0801655,3.3913415589670315e-8,FALSE
1979,Female,epop_all,0.47460964488047536,0.4746096,4.488047533612871e-8,FALSE
1980,Female,epop16_24,0.538766869542207,0.5387669,3.0457793065430394e-8,FALSE
1980,Female,epop25_54,0.6014265073504117,0.6014265,7.3504117237277455e-9,FALSE
1980,Female,epop55_64,0.3996340825927862,0.3996341,1.7407213781517328e-8,FALSE
1980,Female,epop65,0.07827720567770666,0.0782772,5.677706652051917e-9,FALSE
1980,Female,epop_all,0.47670575451623126,0.4767058,4.548376875135318e-8,FALSE
1981,Female,epop16_24,0.5327207054074152,0.5327207,5.407415182290265e-9,FALSE
1981,Female,epop25_54,0.6116428507234655,0.6116428,5.072346542789319e-8,FALSE
1981,Female,epop55_64,0.3977595863851788,0.3977596,1.361482121486901e-8,FALSE
1981,Female,epop65,0.07717983651226158,0.0771798,3.6512261575305516e-8,FALSE
1981,Female,epop_all,0.4798201274283355,0.4798201,2.7428335491741507e-8,FALSE
1982,Female,epop16_24,0.5196579357822837,0.5196579,3.578228369160996e-8,FALSE
1982,Female,epop25_54,0.6120279904937945,0.612028,9.506205489451247e-9,FALSE
1982,Female,epop55_64,0.3962715922695399,0.3962716,7.730460105381809e-9,FALSE
1982,Female,epop65,0.07638010255044284,0.0763801,2.5504428291522885e-9,FALSE
1982,Female,epop_all,0.4766606426587914,0.4766606,4.265879138820594e-8,FALSE
1983,Female,epop16_24,0.5216130444298533,0.5216131,5.557014670642957e-8,FALSE
1983,Female,epop25_54,0.6198459447213411,0.6198459,4.472134118582716e-8,FALSE
1983,Female,epop55_64,0.39422585590189063,0.3942259,4.4098109386325746e-8,FALSE
1983,Female,epop65,0.07552712318036425,0.0755271,2.3180364253083674e-8,FALSE
1983,Female,epop_all,0.48042188386196066,0.4804219,1.613803934930047e-8,FALSE
1984,Female,epop16_24,0.5442579061855095,0.5442579,6.185509549005985e-9,FALSE
1984,Female,epop25_54,0.6392402394805633,0.6392403,6.051943668428095e-8,FALSE
1984,Female,epop55_64,0.39938817131203264,0.3993882,2.8687967390528257e-8,FALSE
1984,Female,epop65,0.07241930329178652,0.0724193,3.29178651004014e-9,FALSE
1984,Female,epop_all,0.4948802517838281,0.4948803,4.821617188843774e-8,FALSE
1985,Female,epop16_24,0.5542600386759186,0.55426,3.867591857886765e-8,FALSE
1985,Female,epop25_54,0.6531664363928814,0.6531664,3.6392881375135744e-8,FALSE
1985,Female,epop55_64,0.4018556350017024,0.4018556,3.500170242531908e-8,FALSE
1985,Female,epop65,0.07025702256017093,0.070257,2.2560170925833845e-8,FALSE
1985,Female,epop_all,0.5041606213194504,0.5041606,2.131945042727068e-8,FALSE
1986,Female,epop16_24,0.5602845081825016,0.5602845,8.182501676223808e-9,FALSE
1986,Female,epop25_54,0.6663646795917135,0.6663647,2.040828650518023e-8,FALSE
1986,Female,epop55_64,0.40693790149892933,0.4069379,1.4989293140033055e-9,FALSE
1986,Female,epop65,0.07213622291021672,0.0721362,2.2910216723737165e-8,FALSE
1986,Female,epop_all,0.5138148941332855,0.5138149,5.866714447577692e-9,FALSE
1987,Female,epop16_24,0.5705402710154279,0.5705402,7.10154278715791e-8,FALSE
1987,Female,epop25_54,0.682288280834466,0.6822883,1.9165533937659518e-8,FALSE
1987,Female,epop55_64,0.4135039336042189,0.4135039,3.360421890752363e-8,FALSE
1987,Female,epop65,0.0722869628550619,0.072287,3.7144938097588565e-8,FALSE
1987,Female,epop_all,0.5251270174120789,0.525127,1.7412078889833538e-8,FALSE
1988,Female,epop16_24,0.5762539606624021,0.576254,3.9337597956823345e-8,FALSE
1988,Female,epop25_54,0.6932353168171644,0.6932353,1.6817164438798216e-8,FALSE
1988,Female,epop55_64,0.42286862334032144,0.4228686,2.3340321453346746e-8,FALSE
1988,Female,epop65,0.07676237091864144,0.0767624,2.9081358557392356e-8,FALSE
1988,Female,epop_all,0.5342821117036669,0.5342821,1.1703666924489653e-8,FALSE
1989,Female,epop16_24,0.5772521696614106,0.5772521,6.96614105288873e-8,FALSE
1989,Female,epop25_54,0.7038457904185959,0.7038458,9.58140411455588e-9,FALSE
1989,Female,epop55_64,0.4375110482587944,0.4375111,5.174120559781059e-8,FALSE
1989,Female,epop65,0.08146017958800399,0.0814602,2.0411996010105682e-8,FALSE
1989,Female,epop_all,0.5431424766977363,0.5431425,2.330226367419641e-8,FALSE
1990,Female,epop16_24,0.5612652939421068,0.5612653,6.057893187083607e-9,FALSE
1990,Female,epop25_54,0.705781934238848,0.7057819,3.423884809006239e-8,FALSE
1990,Female,epop55_64,0.4397221460561192,0.4397222,5.394388080670609e-8,FALSE
1990,Female,epop65,0.08355622746831026,0.0835562,2.7468310265232887e-8,FALSE
1990,Female,epop_all,0.5434778207438301,0.5434778,2.074383009809111e-8,FALSE
1991,Female,epop16_24,0.5399129172714079,0.5399129,1.7271407859453802e-8,FALSE
1991,Female,epop25_54,0.700615311581369,0.7006153,1.158136897494444e-8,FALSE
1991,Female,epop55_64,0.4365305185865076,0.4365305,1.858650761077385e-8,FALSE
1991,Female,epop65,0.08254041040926287,0.0825404,1.0409262868327218e-8,FALSE
1991,Female,epop_all,0.5368604861208679,0.5368605,1.3879132065852673e-8,FALSE
1992,Female,epop16_24,0.5372138572652712,0.5372139,4.273472886673346e-8,FALSE
1992,Female,epop25_54,0.7012462289900876,0.7012462,2.8990087552749344e-8,FALSE
1992,Female,epop55_64,0.44560398965644626,0.445604,1.034355373574769e-8,FALSE
1992,Female,epop65,0.07906345436036648,0.0790635,4.563963351689182e-8,FALSE
1992,Female,epop_all,0.5376283122463595,0.5376283,1.2246359593071077e-8,FALSE
1993,Female,epop16_24,0.5431992631255756,0.5431992,6.312557565557597e-8,FALSE
1993,Female,epop25_54,0.7036440542980019,0.703644,5.4298001872510326e-8,FALSE
1993,Female,epop55_64,0.4529210258309416,0.452921,2.583094160790722e-8,FALSE
1993,Female,epop65,0.07891946196349835,0.0789195,3.803650165667971e-8,FALSE
1993,Female,epop_all,0.5409532441432033,0.5409532,4.4143203314916946e-8,FALSE
1994,Female,epop16_24,0.5526057030481809,0.5526057,3.0481809298876783e-9,FALSE
1994,Female,epop25_54,0.7148893816899196,0.7148894,1.8310080451833244e-8,FALSE
1994,Female,epop55_64,0.4697459584295612,0.469746,4.157043881347633e-8,FALSE
1994,Female,epop65,0.0879849673925058,0.087985,3.260749419087272e-8,FALSE
1994,Female,epop_all,0.5525082959203592,0.5525083,4.079640736343038e-9,FALSE
1995,Female,epop16_24,0.550670871205095,0.5506709,2.8794905015949723e-8,FALSE
1995,Female,epop25_54,0.7219091927285259,0.7219092,7.27147408952078e-9,FALSE
1995,Female,epop55_64,0.4745840610350216,0.4745841,3.8964978410493956e-8,FALSE
1995,Female,epop65,0.08505295337918987,0.085053,4.6620810129072154e-8,FALSE
1995,Female,epop_all,0.556288380639234,0.5562884,1.9360765990406037e-8,FALSE
1996,Female,epop16_24,0.5516023058327651,0.5516023,5.8327651597522845e-9,FALSE
1996,Female,epop25_54,0.7277130959462905,0.7277131,4.053709479201473e-9,FALSE
1996,Female,epop55_64,0.4793050122805422,0.479305,1.228054219426511e-8,FALSE
1996,Female,epop65,0.08239253148067738,0.0823925,3.148067738434346e-8,FALSE
1996,Female,epop_all,0.5604349283900943,0.5604349,2.8390094386487874e-8,FALSE
1997,Female,epop16_24,0.5589645843580915,0.5589646,1.5641908546193406e-8,FALSE
1997,Female,epop25_54,0.7353812489479885,0.7353812,4.8947988551262256e-8,FALSE
1997,Female,epop55_64,0.49545616535994297,0.4954562,3.464005704501005e-8,FALSE
1997,Female,epop65,0.08272138228941685,0.0827214,1.7710583152807935e-8,FALSE
1997,Female,epop_all,0.5679580337323796,0.5679581,6.626762039108058e-8,FALSE
1998,Female,epop16_24,0.571602089153407,0.5716021,1.0846592957136636e-8,FALSE
1998,Female,epop25_54,0.7364587693595647,0.7364588,3.0640435300099966e-8,FALSE
1998,Female,epop55_64,0.49974240082431737,0.4997424,8.243173921229641e-10,FALSE
1998,Female,epop65,0.08343624161073826,0.0834362,4.161073825781347e-8,FALSE
1998,Female,epop_all,0.570823392384137,0.5708234,7.615862940291152e-9,FALSE
1999,Female,epop16_24,0.5695903671349309,0.5695904,3.2865069110599165e-8,FALSE
1999,Female,epop25_54,0.741479909826283,0.7414799,9.826283009495285e-9,FALSE
1999,Female,epop55_64,0.501078301260783,0.5010783,1.2607830335298331e-9,FALSE
1999,Female,epop65,0.08655439721999465,0.0865544,2.7800053509219325e-9,FALSE
1999,Female,epop_all,0.5742981181327582,0.5742981,1.813275818385307e-8,FALSE
2000,Female,epop16_24,0.5737935892920042,0.5737936,1.07079958233669e-8,FALSE
2000,Female,epop25_54,0.7421505341376563,0.7421505,3.413765625737142e-8,FALSE
2000,Female,epop55_64,0.50573258480272,0.5057326,1.519727998999798e-8,FALSE
2000,Female,epop65,0.0912506433350489,0.0912506,4.333504889653117e-8,FALSE
2000,Female,epop_all,0.57485625429429,0.5748563,4.570570999451462e-8,FALSE
2001,Female,epop16_24,0.5604199111726366,0.5604199,1.1172636593670404e-8,FALSE
2001,Female,epop25_54,0.7341968409832359,0.7341968,4.09832359160589e-8,FALSE
2001,Female,epop55_64,0.5172942710330547,0.5172943,2.896694528686794e-8,FALSE
2001,Female,epop65,0.09299584977199364,0.0929959,5.0228006365227174e-8,FALSE
2001,Female,epop_all,0.5700333598662027,0.5700334,4.013379728551314e-8,FALSE
2002,Female,epop16_24,0.5427742045648586,0.5427742,4.564858602229549e-9,FALSE
2002,Female,epop25_54,0.7225691203450385,0.7225691,2.0345038542757266e-8,FALSE
2002,Female,epop55_64,0.5324381522294388,0.5324382,4.777056117344358e-8,FALSE
2002,Female,epop65,0.09455938697318007,0.0945594,1.3026819928319e-8,FALSE
2002,Female,epop_all,0.562747267336372,0.5627472,6.733637203382159e-8,FALSE
2003,Female,epop16_24,0.5246388173367679,0.5246388,1.7336767910158812e-8,FALSE
2003,Female,epop25_54,0.7200893213174895,0.7200893,2.1317489440342285e-8,FALSE
2003,Female,epop55_64,0.545378908687513,0.5453789,8.687513042282546e-9,FALSE
2003,Female,epop65,0.10238890575969228,0.1023889,5.759692278672901e-9,FALSE
2003,Female,epop_all,0.5613331706381718,0.5613332,2.936182819102129e-8,FALSE
2004,Female,epop16_24,0.5222302198106417,0.5222302,1.9810641682660446e-8,FALSE
2004,Female,epop25_54,0.7184845775592311,0.7184846,2.244076890978164e-8,FALSE
2004,Female,epop55_64,0.5428951747088187,0.5428952,2.529118137140074e-8,FALSE
2004,Female,epop65,0.10715181932245922,0.1071518,1.9322459215986854e-8,FALSE
2004,Female,epop_all,0.5596945878405838,0.5596946,1.2159416251655841e-8,FALSE
2005,Female,epop16_24,0.5264084507042254,0.5264084,5.070422537389874e-8,FALSE
2005,Female,epop25_54,0.7196785617863325,0.7196786,3.821366745260235e-8,FALSE
2005,Female,epop55_64,0.5512992402477176,0.5512992,4.0247717603136834e-8,FALSE
2005,Female,epop65,0.11120496894409938,0.111205,3.105590061502905e-8,FALSE
2005,Female,epop_all,0.5623572876311671,0.5623573,1.2368832846831879e-8,FALSE
2006,Female,epop16_24,0.5225235075442817,0.5225235,7.544281643845352e-9,FALSE
2006,Female,epop25_54,0.7250288569485951,0.7250289,4.3051404885474653e-8,FALSE
2006,Female,epop55_64,0.5649877149877149,0.5649877,1.498771495800355e-8,FALSE
2006,Female,epop65,0.1135628125919388,0.1135628,1.2591938797212876e-8,FALSE
2006,Female,epop_all,0.5661582451420789,0.5661582,4.5142078963777976e-8,FALSE
2007,Female,epop16_24,0.5180260526458029,0.5180261,4.7354197119098274e-8,FALSE
2007,Female,epop25_54,0.7250176845083707,0.7250177,1.5491629312691657e-8,FALSE
2007,Female,epop55_64,0.5660701588054041,0.5660701,5.880540410174717e-8,FALSE
2007,Female,epop65,0.1223977201371782,0.1223977,2.0137178202705996e-8,FALSE
2007,Female,epop_all,0.5663812189314508,0.5663812,1.8931450740389266e-8,FALSE
2008,Female,epop16_24,0.5018034993270525,0.5018035,6.729474755218234e-10,FALSE
2008,Female,epop25_54,0.7230314279422405,0.7230314,2.794224052138361e-8,FALSE
2008,Female,epop55_64,0.5696435768987159,0.5696436,2.310128410787371e-8,FALSE
2008,Female,epop65,0.12745746691871457,0.1274575,3.3081285433222973e-8,FALSE
2008,Female,epop_all,0.5624730683814512,0.5624731,3.1618548779199784e-8,FALSE
2009,Female,epop16_24,0.470092806179926,0.4700928,6.1799260153705404e-9,FALSE
2009,Female,epop25_54,0.702097152851088,0.7020972,4.7148911996863774e-8,FALSE
2009,Female,epop55_64,0.5635119345685194,0.5635119,3.4568519491351424e-8,FALSE
2009,Female,epop65,0.12773350630096367,0.1277335,6.300963667493775e-9,FALSE
2009,Female,epop_all,0.5441827970246168,0.5441828,2.975383162073797e-9,FALSE
2010,Female,epop16_24,0.45069075451647184,0.4506907,5.451647183685182e-8,FALSE
2010,Female,epop25_54,0.6934207408577522,0.6934208,5.914224776581989e-8,FALSE
2010,Female,epop55_64,0.5644831666128859,0.5644832,3.3387114073413215e-8,FALSE
2010,Female,epop65,0.12900578930573917,0.1290058,1.0694260837995628e-8,FALSE
2010,Female,epop_all,0.5356851682755022,0.5356852,3.172449780652897e-8,FALSE
2011,Female,epop16_24,0.4489665459194545,0.4489665,4.59194545165964e-8,FALSE
2011,Female,epop25_54,0.68966828850817,0.6896683,1.1491830043119933e-8,FALSE
2011,Female,epop55_64,0.5588465349116128,0.5588465,3.491161282287436e-8,FALSE
2011,Female,epop65,0.1310716692878005,0.1310717,3.071219950578907e-8,FALSE
2011,Female,epop_all,0.5318529452315878,0.531853,5.47684122498282e-8,FALSE
2012,Female,epop16_24,0.4540208972292977,0.4540209,2.7707022787204494e-9,FALSE
2012,Female,epop25_54,0.6919847207753259,0.6919847,2.0775325904054398e-8,FALSE
2012,Female,epop55_64,0.5613003718219275,0.5613004,2.817807254196225e-8,FALSE
2012,Female,epop65,0.1351132341024438,0.1351132,3.410244381329974e-8,FALSE
2012,Female,epop_all,0.5313085596315706,0.5313085,5.963157068133995e-8,FALSE
2013,Female,epop16_24,0.46031251622281055,0.4603125,1.6222810539368027e-8,FALSE
2013,Female,epop25_54,0.6925686871715562,0.6925687,1.282844386274462e-8,FALSE
2013,Female,epop55_64,0.5623797543288441,0.5623798,4.56711558571854e-8,FALSE
2013,Female,epop65,0.14135909503756916,0.1413591,4.962430827371023e-9,FALSE
2013,Female,epop_all,0.5315875176010635,0.5315875,1.7601063495575886e-8,FALSE
2014,Female,epop16_24,0.47056678474682223,0.4705668,1.5253177776397564e-8,FALSE
2014,Female,epop25_54,0.6999779047378555,0.6999779,4.737855441305783e-9,FALSE
2014,Female,epop55_64,0.5634444013948082,0.5634444,1.3948082688841623e-9,FALSE
2014,Female,epop65,0.14380601792573625,0.143806,1.7925736256474423e-8,FALSE
2014,Female,epop_all,0.5352111577403703,0.5352111,5.774037026284873e-8,FALSE
2015,Female,epop16_24,0.4819824524754543,0.4819824,5.247545431519285e-8,FALSE
2015,Female,epop25_54,0.7032535644745933,0.7032536,3.5525406727465736e-8,FALSE
2015,Female,epop55_64,0.563864110836971,0.5638641,1.0836970987249117e-8,FALSE
2015,Female,epop65,0.14748759305210918,0.1474876,6.947890818231883e-9,FALSE
2015,Female,epop_all,0.5374171164225134,0.5374171,1.642251346023471e-8,FALSE
2016,Female,epop16_24,0.48767180778512226,0.4876718,7.785122269066136e-9,FALSE
2016,Female,epop25_54,0.7113481055215876,0.7113481,5.5215875205405496e-9,FALSE
2016,Female,epop55_64,0.5649923044634112,0.5649923,4.463411196198308e-9,FALSE
2016,Female,epop65,0.14924587204272766,0.1492459,2.795727233051437e-8,FALSE
2016,Female,epop_all,0.540816092918902,0.5408161,7.081098041261669e-9,FALSE
2017,Female,epop16_24,0.4987849973586899,0.498785,2.641310059559032e-9,FALSE
2017,Female,epop25_54,0.7207455556425718,0.7207456,4.435742817499033e-8,FALSE
2017,Female,epop55_64,0.5709664001478948,0.5709664,1.4789480751176143e-10,FALSE
2017,Female,epop65,0.15056589996349032,0.1505659,3.650968416479827e-11,FALSE
2017,Female,epop_all,0.5457883795390055,0.5457884,2.046099445429661e-8,FALSE
2018,Female,epop16_24,0.503391267486223,0.5033913,3.251377700408398e-8,FALSE
2018,Female,epop25_54,0.7276741138292561,0.7276741,1.3829256073627505e-8,FALSE
2018,Female,epop55_64,0.5749851265388312,0.5749851,2.6538831132683072e-8,FALSE
2018,Female,epop65,0.15402014490192614,0.1540201,4.490192614947652e-8,FALSE
2018,Female,epop_all,0.5488754000330544,0.5488754,3.30543370452574e-11,FALSE
1965,Male,epop16_24,0.6240951826275064,0.6240952,1.737249355482362e-8,FALSE
1965,Male,epop25_54,0.9414401793219388,0.9414402,2.067806115224613e-8,FALSE
1965,Male,epop55_64,0.8187734668335419,0.8187734,6.683354192293933e-8,FALSE
1965,Male,epop65,0.2689240423584782,0.268924,4.2358478224979734e-8,FALSE
1965,Male,epop_all,0.7751886113852691,0.7751886,1.138526906085957e-8,FALSE
1966,Male,epop16_24,0.6372859345832319,0.6372859,3.458323194482915e-8,FALSE
1966,Male,epop25_54,0.945852534562212,0.9458525,3.456221198128162e-8,FALSE
1966,Male,epop55_64,0.8233115199407334,0.8233115,1.9940733397838528e-8,FALSE
1966,Male,epop65,0.26207432344943676,0.2620743,2.3449436781231014e-8,FALSE
1966,Male,epop_all,0.7786554705521167,0.7786555,2.944788324299452e-8,FALSE
1967,Male,epop16_24,0.6388844494166533,0.6388844,4.9416653324918514e-8,FALSE
1967,Male,epop25_54,0.9471895182472728,0.9471895,1.8247272803861847e-8,FALSE
1967,Male,epop55_64,0.8242881479678754,0.8242881,4.7967875449472785e-8,FALSE
1967,Male,epop65,0.263542066845947,0.2635421,3.3154053002970585e-8,FALSE
1967,Male,epop_all,0.7795967291714557,0.7795967,2.9171455695475856e-8,FALSE
1968,Male,epop16_24,0.6297423887587822,0.6297424,1.1241217845459062e-8,FALSE
1968,Male,epop25_54,0.94689510105783,0.9468951,1.057830045780861e-9,FALSE
1968,Male,epop55_64,0.8268953934740882,0.8268954,6.525911699917231e-9,FALSE
1968,Male,epop65,0.26503735595795874,0.2650374,4.4042041236203033e-8,FALSE
1968,Male,epop_all,0.7779646218025418,0.7779647,7.819745817538859e-8,FALSE
1969,Male,epop16_24,0.6344029458179905,0.6344029,4.5817990512730944e-8,FALSE
1969,Male,epop25_54,0.9453733325285204,0.9453734,6.747147962560263e-8,FALSE
1969,Male,epop55_64,0.8188799621928167,0.81888,3.7807183383975485e-08,FALSE
1969,Male,epop65,0.2655819774718398,0.265582,2.252816017067616e-8,FALSE
1969,Male,epop_all,0.7761984259480086,0.7761984,2.594800863064961e-8,FALSE
1970,Male,epop16_24,0.617306868484935,0.6173069,3.1515065002096776e-8,FALSE
1970,Male,epop25_54,0.9318695703915268,0.9318696,2.9608473117725964e-8,FALSE
1970,Male,epop55_64,0.8065192083818393,0.8065192,8.38183933371539e-9,FALSE
1970,Male,epop65,0.258742122822192,0.2587421,2.2822192025095944e-8,FALSE
1970,Male,epop_all,0.7618855072238379,0.7618855,7.2238378612254905e-9,FALSE
1971,Male,epop16_24,0.6071213439528813,0.6071213,4.3952881334519134e-8,FALSE
1971,Male,epop25_54,0.921002435660416,0.9210024,3.566041595348679e-8,FALSE
1971,Male,epop55_64,0.7939386981976811,0.7939387,1.8023188497195974e-9,FALSE
1971,Male,epop65,0.2459795321637427,0.2459795,3.216374269698896e-8,FALSE
1971,Male,epop_all,0.749063500007583,0.7490635,7.583045302794744e-12,FALSE
1972,Male,epop16_24,0.6281238107319549,0.6281238,1.0731954880327521e-8,FALSE
1972,Male,epop25_54,0.9216704936854192,0.9216705,6.314580747179832e-9,FALSE
1972,Male,epop55_64,0.7789769533445756,0.778977,4.665542441273374e-8,FALSE
1972,Male,epop65,0.23445378151260504,0.2344538,1.8487394948252245e-8,FALSE
1972,Male,epop_all,0.7503353923722192,0.7503354,7.627780740371293e-9,FALSE
1973,Male,epop16_24,0.6567182510439695,0.6567183,4.895603045174113e-8,FALSE
1973,Male,epop25_54,0.925566888645368,0.9255669,1.135463201240583e-8,FALSE
1973,Male,epop55_64,0.7627363737486096,0.7627364,2.625139039480473e-8,FALSE
1973,Male,epop65,0.2202705910277712,0.2202706,8.972228821013672e-9,FALSE
1973,Male,epop_all,0.755487884079724,0.7554879,1.5920275986403e-8,FALSE
1974,Male,epop16_24,0.6526607271851673,0.6526607,2.7185167339460747e-8,FALSE
1974,Male,epop25_54,0.918266457938535,0.9182665,4.206146497764962e-8,FALSE
1974,Male,epop55_64,0.7527352297592997,0.7527353,7.024070025618556e-8,FALSE
1974,Male,epop65,0.21629441036917024,0.2162944,1.0369170244661774e-8,FALSE
1974,Male,epop_all,0.7489124908197277,0.7489125,9.180272320108429e-9,FALSE
1975,Male,epop16_24,0.6042495902598923,0.6042496,9.740107720368485e-9,FALSE
1975,Male,epop25_54,0.8901297510183162,0.8901297,5.1018316127304786e-8,FALSE
1975,Male,epop55_64,0.7238854189101874,0.7238854,1.8910187415954738e-8,FALSE
1975,Male,epop65,0.2045865341165838,0.2045865,3.41165838080304e-8,FALSE
1975,Male,epop_all,0.7172755315175743,0.7172756,6.848242573020968e-8,FALSE
1976,Male,epop16_24,0.6213603340769979,0.6213604,6.592300216823332e-8,FALSE
1976,Male,epop25_54,0.8951324739948652,0.8951325,2.600513482331479e-8,FALSE
1976,Male,epop55_64,0.7119864464210081,0.7119864,4.6421008037533795e-8,FALSE
1976,Male,epop65,0.19131779520600903,0.1913178,4.79399098196609e-9,FALSE
1976,Male,epop_all,0.7204137800132865,0.7204138,1.9986713506447984e-8,FALSE
1977,Male,epop16_24,0.6420489726991275,0.642049,2.730087245161883e-8,FALSE
1977,Male,epop25_54,0.9013813876194432,0.9013814,1.238055680197192e-8,FALSE
1977,Male,epop55_64,0.7121464226289518,0.7121464,2.2628951823477905e-8,FALSE
1977,Male,epop65,0.1894159406260084,0.1894159,4.0626008390720614e-8,FALSE
1977,Male,epop_all,0.7278760473467216,0.7278761,5.265327840398015e-8,FALSE
1978,Male,epop16_24,0.6607599155649372,0.6607599,1.5564937227985354e-8,FALSE
1978,Male,epop25_54,0.9101200773379464,0.9101201,2.2662053567046314e-8,FALSE
1978,Male,epop55_64,0.7126460340233655,0.712646,3.4023365458324406e-8,FALSE
1978,Male,epop65,0.1950783468293196,0.1950783,4.6829319588770346e-8,FALSE
1978,Male,epop_all,0.7375452159264531,0.7375452,1.5926453045267408e-8,FALSE
1979,Male,epop16_24,0.6649617774844635,0.6649618,2.2515536546308113e-8,FALSE
1979,Male,epop25_54,0.9114550929497548,0.9114551,7.0502451654519405e-9,FALSE
1979,Male,epop55_64,0.708085192288281,0.7080852,7.711718930103473e-9,FALSE
1979,Male,epop65,0.19248922634927149,0.1924892,2.634927148692512e-8,FALSE
1979,Male,epop_all,0.7383714223458389,0.7383714,2.2345838845971855e-8,FALSE
1980,Male,epop16_24,0.6353990045397364,0.635399,4.5397363646060285e-9,FALSE
1980,Male,epop25_54,0.8939261206015476,0.8939261,2.0601547690013433e-8,FALSE
1980,Male,epop55_64,0.6969727145986855,0.6969727,1.4598685482702933e-8,FALSE
1980,Male,epop65,0.18388616093796972,0.1838862,3.906203027703725e-8,FALSE
1980,Male,epop_all,0.7202448424393562,0.7202448,4.2439356140455686e-8,FALSE
1981,Male,epop16_24,0.6216498242530756,0.6216498,2.425307554787537e-8,FALSE
1981,Male,epop25_54,0.8898337382687819,0.8898337,3.826878192114691e-8,FALSE
1981,Male,epop55_64,0.680622598758743,0.6806226,1.2412569860842382e-9,FALSE
1981,Male,epop65,0.17817109144542773,0.1781711,8.554572272778671e-9,FALSE
1981,Male,epop_all,0.7129087950714809,0.7129088,4.928519148350574e-9,FALSE
1982,Male,epop16_24,0.5870663336108798,0.5870664,6.63891202012934e-8,FALSE
1982,Male,epop25_54,0.8652237728024602,0.8652238,2.7197539775869473e-8,FALSE
1982,Male,epop55_64,0.6638277043563388,0.6638277,4.356338734190501e-9,FALSE
1982,Male,epop65,0.17124674573329476,0.1712468,5.4266705240557656e-8,FALSE
1982,Male,epop_all,0.6902384573867818,0.6902385,4.261321817633501e-8,FALSE
1983,Male,epop16_24,0.5917186358784201,0.5917186,3.5878420123758303e-8,FALSE
1983,Male,epop25_54,0.8610446707214288,0.8610446,7.07214287132274e-8,FALSE
1983,Male,epop55_64,0.6515934119481532,0.6515934,1.194815324456755e-8,FALSE
1983,Male,epop65,0.167407547526719,0.1674075,4.752671900476457e-8,FALSE
1983,Male,epop_all,0.6880603886977172,0.6880604,1.1302282776348704e-8,FALSE
1984,Male,epop16_24,0.6226706299302618,0.6226707,7.006973823386886e-8,FALSE
1984,Male,epop25_54,0.8837007926463731,0.8837008,7.3536268185847575e-9,FALSE
1984,Male,epop55_64,0.6508507535245504,0.6508508,4.647544959990313e-8,FALSE
1984,Male,epop65,0.1578605858361142,0.1578606,1.4163885786455666e-8,FALSE
1984,Male,epop_all,0.7067794177451379,0.7067794,1.774513791463761e-8,FALSE
1985,Male,epop16_24,0.6266964338170495,0.6266964,3.381704949401154e-8,FALSE
1985,Male,epop25_54,0.8869336349596503,0.8869336,3.495965028577075e-8,FALSE
1985,Male,epop55_64,0.6498267898383372,0.6498268,1.0161662844510033e-8,FALSE
1985,Male,epop65,0.1529231324431613,0.1529231,3.244316129635827e-8,FALSE
1985,Male,epop_all,0.7090091156623654,0.7090091,1.5662365404622847e-8,FALSE
1986,Male,epop16_24,0.6303583139569546,0.6303583,1.3956954592053705e-8,FALSE
1986,Male,epop25_54,0.8853026910565671,0.8853027,8.943432883157243e-9,FALSE
1986,Male,epop55_64,0.6437693498452013,0.6437693,4.9845201299802966e-8,FALSE
1986,Male,epop65,0.15449017361417114,0.1544902,2.6385828855168825e-8,FALSE
1986,Male,epop_all,0.7097135131355043,0.7097135,1.3135504350891836e-8,FALSE
1987,Male,epop16_24,0.6315184513006654,0.6315184,5.1300665382392197e-8,FALSE
1987,Male,epop25_54,0.8899135565595924,0.8899136,4.344040760440038e-8,FALSE
1987,Male,epop55_64,0.6508230252264536,0.650823,2.5226453592708253e-8,FALSE
1987,Male,epop65,0.15904401650618982,0.159044,1.650618983162211e-8,FALSE
1987,Male,epop_all,0.7146835443037974,0.7146835,4.430379740849588e-8,FALSE
1988,Male,epop16_24,0.6412072682476132,0.6412073,3.175238683095216e-8,FALSE
1988,Male,epop25_54,0.8948961065160379,0.8948961,6.516037931447727e-9,FALSE
1988,Male,epop55_64,0.6466202295693123,0.6466202,2.9569312332000663e-8,FALSE
1988,Male,epop65,0.16114343536554515,0.1611434,3.536554515903845e-8,FALSE
1988,Male,epop_all,0.720170276699637,0.7201703,2.3300363083400555e-8,FALSE
1989,Male,epop16_24,0.6468588694447942,0.6468589,3.0555205809967845e-8,FALSE
1989,Male,epop25_54,0.8987581686442518,0.8987582,3.135574810908537e-8,FALSE
1989,Male,epop55_64,0.6488307570352755,0.6488308,4.296472455589395e-8,FALSE
1989,Male,epop65,0.1621888907202901,0.1621889,9.279709889398191e-9,FALSE
1989,Male,epop_all,0.7245699221522481,0.7245699,2.2152248146944942e-8,FALSE
1990,Male,epop16_24,0.634667306653867,0.6346673,6.653866901906724e-9,FALSE
1990,Male,epop25_54,0.891218872870249,0.8912189,2.7129751001275793e-8,FALSE
1990,Male,epop55_64,0.6522806299856821,0.6522806,2.99856821595057e-8,FALSE
1990,Male,epop65,0.15843638476222094,0.1584364,1.523777906631274e-8,FALSE
1990,Male,epop_all,0.7203633627652747,0.7203634,3.723472530303695e-8,FALSE
1991,Male,epop16_24,0.6031755651172657,0.6031756,3.4882734367691626e-8,FALSE
1991,Male,epop25_54,0.8752464735325345,0.8752465,2.6467465552570957e-8,FALSE
1991,Male,epop55_64,0.6385480572597138,0.6385481,4.2740286199105526e-8,FALSE
1991,Male,epop65,0.15178717153582505,0.1517872,2.846417496149556e-8,FALSE
1991,Male,epop_all,0.7035791364936075,0.7035791,3.6493607469267886e-8,FALSE
1992,Male,epop16_24,0.597161905926968,0.5971619,5.926968027480939e-9,FALSE
1992,Male,epop25_54,0.8678981509096332,0.8678982,4.909036677158696e-8,FALSE
1992,Male,epop55_64,0.6314443535188216,0.6314443,5.351882159665422e-8,FALSE
1992,Male,epop65,0.1554897567221511,0.1554898,4.3277848915668216e-8,FALSE
1992,Male,epop_all,0.69839274295809,0.6983927,4.2958089974121094e-8,FALSE
1993,Male,epop16_24,0.6014608396759146,0.6014608,3.967591455378283e-8,FALSE
1993,Male,epop25_54,0.8701924839596701,0.8701925,1.604032995317084e-8,FALSE
1993,Male,epop55_64,0.6309219277601555,0.6309219,2.7760155507650097e-8,FALSE
1993,Male,epop65,0.15066446488951796,0.1506645,3.511048204951628e-8,FALSE
1993,Male,epop_all,0.7001885741224875,0.7001886,2.5877512577210382e-8,FALSE
1994,Male,epop16_24,0.6098789703262272,0.609879,2.9673772772298435e-8,FALSE
1994,Male,epop25_54,0.8724818876583136,0.8724819,1.2341686450589862e-8,FALSE
1994,Male,epop55_64,0.6260958205912335,0.6260958,2.059123349607006e-8,FALSE
1994,Male,epop65,0.1617123393714197,0.1617123,3.93714197077788e-8,FALSE
1994,Male,epop_all,0.7042520719842296,0.7042521,2.8015770481282232e-8,FALSE
1995,Male,epop16_24,0.6145537587952105,0.6145537,5.8795210478024273e-8,FALSE
1995,Male,epop25_54,0.8758885515270584,0.8758885,5.152705839783778e-8,FALSE
1995,Male,epop55_64,0.6363636363636364,0.6363636,3.636363632431028e-8,FALSE
1995,Male,epop65,0.16054836252856056,0.1605484,3.747143945131981e-8,FALSE
1995,Male,epop_all,0.707915694803421,0.7079157,5.196579055954942e-9,FALSE
1996,Male,epop16_24,0.6007649127135896,0.6007649,1.2713589514490309e-8,FALSE
1996,Male,epop25_54,0.8792151188438532,0.8792151,1.884385314454562e-8,FALSE
1996,Male,epop55_64,0.6471941582474743,0.6471941,5.824747428828658e-8,FALSE
1996,Male,epop65,0.1629774142717791,0.1629774,1.4271779091856729e-8,FALSE
1996,Male,epop_all,0.7089682556181527,0.7089683,4.438184730837236e-8,FALSE
1997,Male,epop16_24,0.601438761939306,0.6014388,3.8060694040886744e-8,FALSE
1997,Male,epop25_54,0.8841753304425056,0.8841754,6.95574943199162e-8,FALSE
1997,Male,epop55_64,0.6550282046294496,0.6550282,4.629449601445401e-9,FALSE
1997,Male,epop65,0.1654911277748905,0.1654911,2.7774890498655225e-8,FALSE
1997,Male,epop_all,0.713138073601048,0.713138,7.360104792297761e-8,FALSE
1998,Male,epop16_24,0.6079179585022657,0.607918,4.1497734248885365e-8,FALSE
1998,Male,epop25_54,0.8882787055644099,0.8882787,5.5644099328233665e-9,FALSE
1998,Male,epop55_64,0.6622218048643065,0.6622218,4.864306513141514e-9,FALSE
1998,Male,epop65,0.15947990891060015,0.1594799,8.9106001466277e-9,FALSE
1998,Male,epop_all,0.7158306162538731,0.7158306,1.6253873136307107e-8,FALSE
1999,Male,epop16_24,0.610219149185515,0.6102191,4.918551499422108e-8,FALSE
1999,Male,epop25_54,0.8898719521678273,0.889872,4.783217266712825e-8,FALSE
1999,Male,epop55_64,0.6607921511627907,0.6607922,4.883720938764213e-8,FALSE
1999,Male,epop65,0.1642354307279193,0.1642354,3.072791929237262e-8,FALSE
1999,Male,epop_all,0.7164617637030946,0.7164618,3.629690548123676e-8,FALSE
2000,Male,epop16_24,0.6192553810354857,0.6192554,1.8964514292285628e-8,FALSE
2000,Male,epop25_54,0.8900327957534571,0.8900328,4.246542895103289e-9,FALSE
2000,Male,epop55_64,0.6566519899853234,0.656652,1.0014676643521625e-8,FALSE
2000,Male,epop65,0.1714041461850823,0.1714042,5.3814917716499266e-8,FALSE
2000,Male,epop_all,0.7189400180455847,0.71894,1.804558469320483e-8,FALSE
2001,Male,epop16_24,0.5937374778178488,0.5937375,2.2182151226957103e-8,FALSE
2001,Male,epop25_54,0.8794022048721644,0.8794022,4.872164338642904e-9,FALSE
2001,Male,epop55_64,0.6598730370865352,0.659873,3.708653517620064e-8,FALSE
2001,Male,epop65,0.17216531261038504,0.1721653,1.261038504174472e-8,FALSE
2001,Male,epop_all,0.7087101334211189,0.7087101,3.3421118872389854e-8,FALSE
2002,Male,epop16_24,0.5709221853373094,0.5709222,1.4662690617228691e-08,FALSE
2002,Male,epop25_54,0.8662807187307096,0.8662807,1.8730709538949952e-8,FALSE
2002,Male,epop55_64,0.6627640218337156,0.662764,2.1833715613261973e-8,FALSE
2002,Male,epop65,0.1724864750930935,0.1724865,2.490690648171423e-8,FALSE
2002,Male,epop_all,0.6970722658864476,0.6970723,3.4113552427328386e-8,FALSE
2003,Male,epop16_24,0.5532952718807161,0.5532953,2.8119283901339998e-8,FALSE
2003,Male,epop25_54,0.8586988810773344,0.8586989,1.892266565661771e-8,FALSE
2003,Male,epop55_64,0.656369785794814,0.6563698,1.420518602746057e-8,FALSE
2003,Male,epop65,0.17832505518763797,0.1783251,4.481236201558936e-8,FALSE
2003,Male,epop_all,0.6889774136570334,0.6889774,1.3657033393066342e-8,FALSE
2004,Male,epop16_24,0.5554768778255896,0.5554769,2.217441041896251e-8,FALSE
2004,Male,epop25_54,0.8633603738502296,0.8633603,7.385022959827126e-8,FALSE
2004,Male,epop55_64,0.6602850151144379,0.660285,1.5114437923458013e-8,FALSE
2004,Male,epop65,0.18271588123127216,0.1827159,1.8768727821916187e-8,FALSE
2004,Male,epop_all,0.6918949029802247,0.6918949,2.9802247336618848e-9,FALSE
2005,Male,epop16_24,0.5515190831441237,0.5515191,1.685587636135466e-8,FALSE
2005,Male,epop25_54,0.8692001045614952,0.8692001,4.561495181576447e-9,FALSE
2005,Male,epop55_64,0.6698386429458005,0.6698387,5.705419947599211e-8,FALSE
2005,Male,epop65,0.1911804068522484,0.1911804,6.852248407573924e-9,FALSE
2005,Male,epop_all,0.6960477132805629,0.6960477,1.3280562871642587e-8,FALSE
2006,Male,epop16_24,0.5620911528150134,0.5620912,4.718498658462522e-8,FALSE
2006,Male,epop25_54,0.8731039405590435,0.8731039,4.055904345712236e-8,FALSE
2006,Male,epop55_64,0.6751904604173568,0.6751904,6.041735678419258e-8,FALSE
2006,Male,epop65,0.19764767724554833,0.1976477,2.2754451683981713e-8,FALSE
2006,Male,epop_all,0.7007097328330546,0.7007098,6.716694544994795e-8,FALSE
2007,Male,epop16_24,0.5442381934528532,0.5442382,6.5471468246869335e-9,FALSE
2007,Male,epop25_54,0.8751147694141524,0.8751148,3.058584752135829e-8,FALSE
2007,Male,epop55_64,0.6741601737131179,0.6741602,2.628688211547825e-8,FALSE
2007,Male,epop65,0.19838969404186796,0.1983897,5.958132043293318e-9,FALSE
2007,Male,epop_all,0.6976277713888369,0.6976278,2.861116310537426e-8,FALSE
2008,Male,epop16_24,0.5225553969009467,0.5225554,3.0990533472774473e-9,FALSE
2008,Male,epop25_54,0.8602725603273301,0.8602726,3.9672669926993365e-8,FALSE
2008,Male,epop55_64,0.6772312845004032,0.6772313,1.549959682822788e-8,FALSE
2008,Male,epop65,0.2050993625796775,0.2050994,3.742032247955329e-8,FALSE
2008,Male,epop_all,0.6850378386024472,0.6850379,6.139755281964199e-8,FALSE
2009,Male,epop16_24,0.46695197337137423,0.466952,2.662862574887015e-8,FALSE
2009,Male,epop25_54,0.8145965183503229,0.8145965,1.8350322927851437e-8,FALSE
2009,Male,epop55_64,0.6521739130434783,0.6521739,1.3043478297447564e-8,FALSE
2009,Male,epop65,0.20452053125380773,0.2045205,3.125380773627562e-8,FALSE
2009,Male,epop_all,0.6454492885680241,0.6454493,1.1431975921460946e-8,FALSE
2010,Male,epop16_24,0.4493412797992471,0.4493413,2.0200752903765107e-8,FALSE
2010,Male,epop25_54,0.8096313624263934,0.8096313,6.242639338793765e-8,FALSE
2010,Male,epop55_64,0.6442658030189116,0.6442658,3.018911565177973e-9,FALSE
2010,Male,epop65,0.20508080386427335,0.2050808,3.864273345755009e-9,FALSE
2010,Male,epop_all,0.6369461592560757,0.6369461,5.9256075712887935e-8,FALSE
2011,Male,epop16_24,0.4598991042932153,0.4598991,4.29321528327975e-9,FALSE
2011,Male,epop25_54,0.8141312816517335,0.8141313,1.8348266461742924e-8,FALSE
2011,Male,epop55_64,0.6439640651319484,0.6439641,3.486805166819096e-8,FALSE
2011,Male,epop65,0.21345999771088475,0.21346,2.2891152584580965e-9,FALSE
2011,Male,epop_all,0.6386801698791245,0.6386802,3.012087557152654e-8,FALSE
2012,Male,epop16_24,0.46556840274224903,0.4655684,2.742249038956146e-9,FALSE
2012,Male,epop25_54,0.8253116797900263,0.8253117,2.0209973694562677e-8,FALSE
2012,Male,epop55_64,0.6552997393570807,0.6552997,3.935708070557098e-8,FALSE
2012,Male,epop65,0.2213114754098361,0.2213115,2.4590163905102713e-8,FALSE
2012,Male,epop_all,0.6438846468502863,0.6438847,5.314971363024057e-8,FALSE
2013,Male,epop16_24,0.4694284108903305,0.4694284,1.08903304707475e-8,FALSE
2013,Male,epop25_54,0.8278178243774574,0.8278178,2.4377457386037804e-8,FALSE
2013,Male,epop55_64,0.6600181323662738,0.6600181,3.2366273772233e-8,FALSE
2013,Male,epop65,0.22184584918442857,0.2218459,5.081557144515081e-8,FALSE
2013,Male,epop_all,0.6440193324729877,0.6440193,3.2472987743226156e-8,FALSE
2014,Male,epop16_24,0.4821172371387579,0.4821172,3.713875790234411e-8,FALSE
2014,Male,epop25_54,0.8364159675546615,0.8364159,6.755466153141043e-8,FALSE
2014,Male,epop55_64,0.667608286252354,0.6676083,1.3747646021577964e-8,FALSE
2014,Male,epop65,0.21921169930385137,0.2192117,6.961486387346838e-10,FALSE
2014,Male,epop_all,0.6488125062631526,0.6488125,6.263152552143936e-9,FALSE
2015,Male,epop16_24,0.49002160271577,0.4900216,2.715769997774231e-9,FALSE
2015,Male,epop25_54,0.8441514041514041,0.8441514,4.151404109364876e-9,FALSE
2015,Male,epop55_64,0.6707654472794343,0.6707655,5.272056569083361e-8,FALSE
2015,Male,epop65,0.2249843124004441,0.2249843,1.2400444088234153e-8,FALSE
2015,Male,epop_all,0.6534326435566712,0.6534327,5.644332878862457e-8,FALSE
2016,Male,epop16_24,0.5005162089613876,0.5005162,8.961387631956086e-9,FALSE
2016,Male,epop25_54,0.8495898788241575,0.8495899,2.1175842523923905e-8,FALSE
2016,Male,epop55_64,0.6749886746866663,0.6749887,2.5313333651411085e-8,FALSE
2016,Male,epop65,0.23069750093248784,0.2306975,9.324878369465495e-10,FALSE
2016,Male,epop_all,0.6577086972848536,0.6577087,2.7151464410124504e-9,FALSE
2017,Male,epop16_24,0.5080389198189292,0.5080389,1.9818929275494668e-8,FALSE
2017,Male,epop25_54,0.8539393057509175,0.8539393,5.750917519975474e-9,FALSE
2017,Male,epop55_64,0.6836541338386357,0.6836541,3.383863567130163e-8,FALSE
2017,Male,epop65,0.23073450408559432,0.2307345,4.08559430731259e-9,FALSE
2017,Male,epop_all,0.6603285337659703,0.6603285,3.376597035309459e-8,FALSE
2018,Male,epop16_24,0.5058017980347063,0.5058018,1.96529370555254e-9,FALSE
2018,Male,epop25_54,0.8615940284131953,0.861594,2.8413195352072762e-8,FALSE
2018,Male,epop55_64,0.6909638256921482,0.6909638,2.569214818670673e-8,FALSE
2018,Male,epop65,0.23264311814859928,0.2326431,1.8148599290057632e-8,FALSE
2018,Male,epop_all,0.663300662506617,0.6633006,6.250661699347404e-8,FALSE
